Picture ID,Category,Description,WordNet_1,WordNet_2,WordNet_3,WordNet_4,WordNet_5,WordNet_6,WordNet_7
Landscapess_001_h,Landscapes,concentration camp,"{04460130} <noun.artifact> tower#1 -- (a structure taller than its diameter, can stand alone or be attached to a larger building)",{03086183} <noun.artifact> concentration camp#1, stockade#2 -- (a penal camp where political prisoners or prisoners of war are confined (usually under harsh conditions)),{11508382} <noun.phenomenon> snow#1, snowfall#1 -- (precipitation falling from clouds in the form of ice crystals),,,,
Landscapess_002_h,Landscapes,concentration camp,"{04460130} <noun.artifact> tower#1 -- (a structure taller than its diameter, can stand alone or be attached to a larger building)",{11508382} <noun.phenomenon> snow#1, snowfall#1 -- (precipitation falling from clouds in the form of ice crystals),{02796623} <noun.artifact> barrier#1 -- (a structure or object that impedes free movement),,,,
Landscapess_003_v,Landscapes,devastated house,{03222722} <noun.artifact> doorframe#1, doorcase#1 -- (the frame that supports a door),"{00388635} <verb.change> lay waste to#1, waste#9, devastate#1, desolate1#3, ravage1#2, scourge2#3 -- (cause extensive destruction or ruin utterly, ""The enemy lay waste to the countryside after the invasion"")","{03544360} <noun.artifact> house#1 -- (a dwelling that serves as living quarters for one or more families, ""he has a house on Cape Cod"", ""she felt she had to get out of the house"")",,,,
Landscapess_004_h,Landscapes,polluted water,{14516743} <noun.state> pollution#1 -- (undesirable state of the natural environment being contaminated with harmful substances as a consequence of human activities),"{09225146} <noun.object> body of water#1, water#2 -- (the part of the earth's surface covered with water (such as a river or lake or ocean), ""they invaded our territorial waters"", ""they were sitting by the water's edge"")",,,,,
Landscapess_005_h,Landscapes,crashed trains,"{04468005} <noun.artifact> train#1, railroad train#1 -- (public transport provided by a line of railway cars coupled together and drawn by a locomotive, ""express trains don't stop at Princeton Junction"")","{07301950} <noun.event> crash#2, wreck#3 -- (a serious accident (usually involving one or more vehicles), ""they are still investigating the crash of the TWA plane"")",,,,,
Landscapess_006_h,Landscapes,crashed trains,"{04468005} <noun.artifact> train#1, railroad train#1 -- (public transport provided by a line of railway cars coupled together and drawn by a locomotive, ""express trains don't stop at Princeton Junction"")","{07301950} <noun.event> crash#2, wreck#3 -- (a serious accident (usually involving one or more vehicles), ""they are still investigating the crash of the TWA plane"")",,,,,
Landscapess_007_h,Landscapes,waste,{14857497} <noun.substance> rubbish#1, trash#1, scrap#2 -- (worthless material that is to be disposed of),"{14856263} <noun.substance> waste#1, waste material#1, waste matter#1, waste product#1 -- (any materials unused and rejected as worthless or unwanted, ""they collect the waste once a week"", ""much of the waste material is carried off in the sewers"")",{04551055} <noun.artifact> warehouse#1, storage warehouse#1 -- (a storehouse for goods and merchandise),,,,
Landscapess_008_h,Landscapes,ski lift,{04231693} <noun.artifact> ski tow#1, ski lift#1, lift1#5 -- (a powered conveyance that carries skiers up a hill),{04231693} <noun.artifact> ski tow#1, ski lift#1, lift1#5 -- (a powered conveyance that carries skiers up a hill),{15043763} <noun.substance> snow#2 -- (a layer of snowflakes (white crystals of frozen water) covering the ground),,,,
Landscapess_009_h,Landscapes,sea side,{09428628} <noun.object> seaside#1, seaboard#1 -- (the shore of a sea or ocean regarded as a resort),"{09225146} <noun.object> body of water#1, water#2 -- (the part of the earth's surface covered with water (such as a river or lake or ocean), ""they invaded our territorial waters"", ""they were sitting by the water's edge"")",,,,,
Landscapess_010_h,Landscapes,devastated houses,"{00388635} <verb.change> lay waste to#1, waste#9, devastate#1, desolate1#3, ravage1#2, scourge2#3 -- (cause extensive destruction or ruin utterly, ""The enemy lay waste to the countryside after the invasion"")","{03544360} <noun.artifact> house#1 -- (a dwelling that serves as living quarters for one or more families, ""he has a house on Cape Cod"", ""she felt she had to get out of the house"")",,,,,
Landscapess_011_h,Landscapes,devastated house,"{00388635} <verb.change> lay waste to#1, waste#9, devastate#1, desolate1#3, ravage1#2, scourge2#3 -- (cause extensive destruction or ruin utterly, ""The enemy lay waste to the countryside after the invasion"")","{03544360} <noun.artifact> house#1 -- (a dwelling that serves as living quarters for one or more families, ""he has a house on Cape Cod"", ""she felt she had to get out of the house"")",,,,,
Landscapess_012_h,Landscapes,bridge,{02898711} <noun.artifact> bridge#1, span#5 -- (a structure that allows people or vehicles to cross an obstacle such as a river or canal or railway etc.),,,,,,
Landscapess_013_v,Landscapes,wall,"{04546855} <noun.artifact> wall#1 -- (an architectural partition with a height and length greater than its thickness, used to divide or enclose an area or to support another structure, ""the south wall had a small window"", ""the walls were covered with pictures"")","{00385756} <adj.all> yellow#1, yellowish#1, xanthous#1 -- (of the color intermediate between green and orange in the color spectrum, of something resembling the color of an egg yolk)",,,,,
Landscapess_014_h,Landscapes,waste and houses,{14857497} <noun.substance> rubbish#1, trash#1, scrap#2 -- (worthless material that is to be disposed of),"{03544360} <noun.artifact> house#1 -- (a dwelling that serves as living quarters for one or more families, ""he has a house on Cape Cod"", ""she felt she had to get out of the house"")",,,,,
Landscapess_015_h,Landscapes,devastated houses,"{00388635} <verb.change> lay waste to#1, waste#9, devastate#1, desolate1#3, ravage1#2, scourge2#3 -- (cause extensive destruction or ruin utterly, ""The enemy lay waste to the countryside after the invasion"")","{03544360} <noun.artifact> house#1 -- (a dwelling that serves as living quarters for one or more families, ""he has a house on Cape Cod"", ""she felt she had to get out of the house"")",,,,,
Landscapess_016_h,Landscapes,block of flats,{02726305} <noun.artifact> apartment#1, flat#7 -- (a suite of rooms usually on one floor of an apartment house),{02777734} <noun.artifact> balcony1#2 -- (a platform projecting from the wall of a building and surrounded by a balustrade or railing or parapet),,,,,
Landscapess_017_h,Landscapes,waste,{14857497} <noun.substance> rubbish#1, trash#1, scrap#2 -- (worthless material that is to be disposed of),{15043763} <noun.substance> snow#2 -- (a layer of snowflakes (white crystals of frozen water) covering the ground),"{02773037} <noun.artifact> bag#1 -- (a flexible container with a single opening, ""he stuffed his laundry into a large bag"")",,,,
Landscapess_018_h,Landscapes,devastated house,"{00388635} <verb.change> lay waste to#1, waste#9, devastate#1, desolate1#3, ravage1#2, scourge2#3 -- (cause extensive destruction or ruin utterly, ""The enemy lay waste to the countryside after the invasion"")","{03544360} <noun.artifact> house#1 -- (a dwelling that serves as living quarters for one or more families, ""he has a house on Cape Cod"", ""she felt she had to get out of the house"")",{12582231} <noun.plant> palm#3, palm tree#1 -- (any plant of the family Palmae having an unbranched trunk crowned by large pinnate or palmate leaves),,,,
Landscapess_019_h,Landscapes,devastated house,"{00388635} <verb.change> lay waste to#1, waste#9, devastate#1, desolate1#3, ravage1#2, scourge2#3 -- (cause extensive destruction or ruin utterly, ""The enemy lay waste to the countryside after the invasion"")","{03544360} <noun.artifact> house#1 -- (a dwelling that serves as living quarters for one or more families, ""he has a house on Cape Cod"", ""she felt she had to get out of the house"")",,,,,
Landscapess_020_h,Landscapes,electric posts,{11449907} <noun.phenomenon> electricity#1 -- (a physical phenomenon associated with stationary or moving electrons and protons),"{03988170} <noun.artifact> post#4 -- (an upright consisting of a piece of timber or metal fixed firmly in an upright position, ""he set a row of posts in the ground and strung barbwire between them"")",,,,,
Landscapess_021_h,Landscapes,ski lift,{04231693} <noun.artifact> ski tow#1, ski lift#1, lift1#5 -- (a powered conveyance that carries skiers up a hill),{04231693} <noun.artifact> ski tow#1, ski lift#1, lift1#5 -- (a powered conveyance that carries skiers up a hill),{15043763} <noun.substance> snow#2 -- (a layer of snowflakes (white crystals of frozen water) covering the ground),,,,
Landscapess_022_h,Landscapes,burning house,{02793495} <noun.artifact> barn#1 -- (an outlying farm building for storing grain or animal feed and housing farm animals),"{00378069} <noun.act> burning#1, combustion#3 -- (the act of burning something, ""the burning of leaves was prohibited by a town ordinance"")",,,,,
Landscapess_023_h,Landscapes,mountains,{15043763} <noun.substance> snow#2 -- (a layer of snowflakes (white crystals of frozen water) covering the ground),"{09359803} <noun.object> mountain#1, mount#3 -- (a land mass that projects well above its surroundings, higher than a hill)",{08226699} <noun.group> village#1, small town#1, settlement1#2 -- (a community of people smaller than a town),{03512147} <noun.artifact> helicopter#1, chopper1#3, whirlybird#1, eggbeater1#1 -- (an aircraft without wings that obtains its lift from the rotation of overhead blades),{08438533} <noun.group> forest#1, wood#2, woods#1 -- (the trees and other plants in a large densely wooded area),,
Landscapess_024_v,Landscapes,block of flats,{02726305} <noun.artifact> apartment#1, flat#7 -- (a suite of rooms usually on one floor of an apartment house),"{02913152} <noun.artifact> building#1, edifice#1 -- (a structure that has a roof and walls and stands more or less permanently in one place, ""there was a three-story building on the corner"", ""it was an imposing edifice"")",,,,,
Landscapess_025_h,Landscapes,waste and houses,"{14856263} <noun.substance> waste#1, waste material#1, waste matter#1, waste product#1 -- (any materials unused and rejected as worthless or unwanted, ""they collect the waste once a week"", ""much of the waste material is carried off in the sewers"")","{03544360} <noun.artifact> house#1 -- (a dwelling that serves as living quarters for one or more families, ""he has a house on Cape Cod"", ""she felt she had to get out of the house"")",,,,,
Landscapess_026_h,Landscapes,waste,"{14856263} <noun.substance> waste#1, waste material#1, waste matter#1, waste product#1 -- (any materials unused and rejected as worthless or unwanted, ""they collect the waste once a week"", ""much of the waste material is carried off in the sewers"")",,,,,,
Landscapess_027_v,Landscapes,devastated building,"{00388635} <verb.change> lay waste to#1, waste#9, devastate#1, desolate1#3, ravage1#2, scourge2#3 -- (cause extensive destruction or ruin utterly, ""The enemy lay waste to the countryside after the invasion"")","{02913152} <noun.artifact> building#1, edifice#1 -- (a structure that has a roof and walls and stands more or less permanently in one place, ""there was a three-story building on the corner"", ""it was an imposing edifice"")",,,,,
Landscapess_028_h,Landscapes,railroad tracks,"{14856263} <noun.substance> waste#1, waste material#1, waste matter#1, waste product#1 -- (any materials unused and rejected as worthless or unwanted, ""they collect the waste once a week"", ""much of the waste material is carried off in the sewers"")",{04048568} <noun.artifact> railway#1, railroad#1, railroad line#1, railway line1#1, railway system#1 -- (line that is the commercial organization responsible for operating a system of transportation for trains that pull passengers or freight),"{09387222} <noun.object> path#4, track#1, course#5 -- (a line or route along which something travels or moves, ""the hurricane demolished houses in its path"", ""the track of an animal"", ""the course of the river"")",,,,
Landscapess_029_v,Landscapes,flooded building,"{00217152} <verb.change> flood#2 -- (cover with liquid, usually water, ""The swollen river flooded the village"", ""The broken vein had flooded blood in her eyes"")","{02913152} <noun.artifact> building#1, edifice#1 -- (a structure that has a roof and walls and stands more or less permanently in one place, ""there was a three-story building on the corner"", ""it was an imposing edifice"")",,,,,
Landscapess_030_v,Landscapes,melted snow,{15043763} <noun.substance> snow#2 -- (a layer of snowflakes (white crystals of frozen water) covering the ground),"{00447309} <verb.change> dissolve1#2, resolve7#7, break up3#6 -- (cause to go into a solution, ""The recipe says that we should dissolve a cup of sugar in two cups of water"")",,,,,
Landscapess_031_h,Landscapes,bridge,{02898711} <noun.artifact> bridge#1, span#5 -- (a structure that allows people or vehicles to cross an obstacle such as a river or canal or railway etc.),{03327234} <noun.artifact> fence#1, fencing#1 -- (a barrier that serves to enclose an area),,,,,
Landscapess_032_v,Landscapes,devastated house,"{03544360} <noun.artifact> house#1 -- (a dwelling that serves as living quarters for one or more families, ""he has a house on Cape Cod"", ""she felt she had to get out of the house"")",{03222722} <noun.artifact> doorframe#1, doorcase#1 -- (the frame that supports a door),"{00289082} <adj.all> broken1#1 (vs. unbroken1#5) -- (physically and forcibly separated into pieces or cracked or split, ""a broken mirror"", ""a broken tooth"", ""a broken leg"", ""his neck is broken"")",{02801938} <noun.artifact> basket#1, handbasket#1 -- (a container that is usually woven and has handles),{14881303} <noun.substance> glass#1 -- (a brittle transparent solid with irregular atomic structure),,
Landscapess_033_h,Landscapes,building,"{00388635} <verb.change> lay waste to#1, waste#9, devastate#1, desolate1#3, ravage1#2, scourge2#3 -- (cause extensive destruction or ruin utterly, ""The enemy lay waste to the countryside after the invasion"")","{02913152} <noun.artifact> building#1, edifice#1 -- (a structure that has a roof and walls and stands more or less permanently in one place, ""there was a three-story building on the corner"", ""it was an imposing edifice"")",,,,,
Landscapess_034_h,Landscapes,ruins,"{09407346} <noun.object> remains#1 -- (any object that is left unused or still extant, ""I threw out the remains of my dinner"")","{04118635} <noun.artifact> ruin#2 -- (a ruined building, ""they explored several Roman ruins"")",,,,,
Landscapess_035_v,Landscapes,stairs,{04298171} <noun.artifact> stairs#1, steps#1 -- (a flight of stairs or a flight of steps),,,,,,
Landscapess_036_h,Landscapes,house,"{03544360} <noun.artifact> house#1 -- (a dwelling that serves as living quarters for one or more families, ""he has a house on Cape Cod"", ""she felt she had to get out of the house"")","{02025885} <adj.all> slummy#1 -- ((of housing or residential areas) indicative of poverty, ""a slummy part of town"", ""slum conditions"")",,,,,
Landscapess_037_v,Landscapes,houses,"{03544360} <noun.artifact> house#1 -- (a dwelling that serves as living quarters for one or more families, ""he has a house on Cape Cod"", ""she felt she had to get out of the house"")",{04105068} <noun.artifact> roof#1 -- (a protective covering that covers or forms the top of a building),,,,,
Landscapess_038_h,Landscapes,temple,"{05913842} <noun.cognition> pillar#1 -- (a fundamental principle or practice, ""science eroded the pillars of superstition"")","{03112099} <noun.artifact> corridor#1 -- (an enclosed passageway, rooms usually open onto it)",,,,,
Landscapess_039_v,Landscapes,devastated building,"{03544360} <noun.artifact> house#1 -- (a dwelling that serves as living quarters for one or more families, ""he has a house on Cape Cod"", ""she felt she had to get out of the house"")","{00289082} <adj.all> broken1#1 (vs. unbroken1#5) -- (physically and forcibly separated into pieces or cracked or split, ""a broken mirror"", ""a broken tooth"", ""a broken leg"", ""his neck is broken"")",,,,,
Landscapess_040_h,Landscapes,house,"{03544360} <noun.artifact> house#1 -- (a dwelling that serves as living quarters for one or more families, ""he has a house on Cape Cod"", ""she felt she had to get out of the house"")","{04576002} <noun.artifact> wheelchair#1 -- (a movable chair mounted on large wheels, for invalids or those who cannot walk, frequently propelled by the occupant)",,,,,
Landscapess_041_h,Landscapes,cabin,"{02932400} <noun.artifact> cabin2#2 -- (a small house built of wood, usually in a wooded area)",{08438533} <noun.group> forest#1, wood#2, woods#1 -- (the trees and other plants in a large densely wooded area),,,,,
Landscapess_042_h,Landscapes,building,{04587648} <noun.artifact> window#1 -- (a framework of wood or metal that contains a glass windowpane and is built into a wall or roof to admit light or air),"{02913152} <noun.artifact> building#1, edifice#1 -- (a structure that has a roof and walls and stands more or less permanently in one place, ""there was a three-story building on the corner"", ""it was an imposing edifice"")","{02897820} <noun.artifact> brick#1 -- (rectangular block of clay baked by the sun or in a kiln, used as a building or paving material)",,,,
Landscapess_043_h,Landscapes,bulldozers,"{02916179} <noun.artifact> bulldozer#1, dozer#1 -- (large powerful tractor, a large blade in front flattens areas of ground)",{15043763} <noun.substance> snow#2 -- (a layer of snowflakes (white crystals of frozen water) covering the ground),,,,,
Landscapess_044_h,Landscapes,house,"{03544360} <noun.artifact> house#1 -- (a dwelling that serves as living quarters for one or more families, ""he has a house on Cape Cod"", ""she felt she had to get out of the house"")",{15043763} <noun.substance> snow#2 -- (a layer of snowflakes (white crystals of frozen water) covering the ground),,,,,
Landscapess_045_h,Landscapes,doors,"{03221720} <noun.artifact> door#1 -- (a swinging or sliding barrier that will close the entrance to a room or building or vehicle, ""he knocked on the door"", ""he slammed the door as he left"")",{04298171} <noun.artifact> stairs#1, steps#1 -- (a flight of stairs or a flight of steps),,,,,
Landscapess_046_h,Landscapes,windows,{04587648} <noun.artifact> window#1 -- (a framework of wood or metal that contains a glass windowpane and is built into a wall or roof to admit light or air),{11669921} <noun.plant> flower#1 -- (a plant cultivated for its blooms or blossoms),,,,,
Landscapess_047_v,Landscapes,stairs,{04298171} <noun.artifact> stairs#1, steps#1 -- (a flight of stairs or a flight of steps),,,,,,
Landscapess_048_h,Landscapes,terrace,{03899768} <noun.artifact> patio#1, terrace#1 -- (usually paved outdoor area adjoining a residence),"{13984613} <noun.state> shade#1, shadiness#1, shadowiness#1 -- (relative darkness caused by light rays being intercepted by an opaque body, ""it is much cooler in the shade"", ""there's too much shadiness to take good photographs"")","{04379243} <noun.artifact> table1#2 -- (a piece of furniture having a smooth flat top that is usually supported by one or more vertical legs, ""it was a sturdy table"")",,,,
Landscapess_049_h,Landscapes,house,"{03544360} <noun.artifact> house#1 -- (a dwelling that serves as living quarters for one or more families, ""he has a house on Cape Cod"", ""she felt she had to get out of the house"")","{04335886} <noun.artifact> streetlight#1, street lamp#1 -- (a lamp supported on a lamppost, for illuminating a street)",{08505573} <noun.location> desert#1 -- (arid land with little or no vegetation),"{09303008} <noun.object> hill#1 -- (a local and well-defined elevation of the land, ""they loved to roam the hills of West Virginia"")",,,
Landscapess_050_h,Landscapes,house,"{08436759} <noun.group> vegetation#1, flora#1, botany#1 -- (all the plant life in a particular region or period, ""Pleistocene vegetation"", ""the flora of southern California"", ""the botany of China"")",{11978233} <noun.plant> sunflower#1, helianthus#1 -- (any plant of the genus Helianthus having large flower heads with dark disk florets and showy yellow rays),"{03544360} <noun.artifact> house#1 -- (a dwelling that serves as living quarters for one or more families, ""he has a house on Cape Cod"", ""she felt she had to get out of the house"")",,,,
Landscapess_051_h,Landscapes,house,"{03544360} <noun.artifact> house#1 -- (a dwelling that serves as living quarters for one or more families, ""he has a house on Cape Cod"", ""she felt she had to get out of the house"")","{03221720} <noun.artifact> door#1 -- (a swinging or sliding barrier that will close the entrance to a room or building or vehicle, ""he knocked on the door"", ""he slammed the door as he left"")",{04587648} <noun.artifact> window#1 -- (a framework of wood or metal that contains a glass windowpane and is built into a wall or roof to admit light or air),,,,
Landscapess_052_h,Landscapes,buildings,"{08524735} <noun.location> city#1, metropolis#1, urban center#1 -- (a large and densely populated urban area, may include several independent administrative districts, ""Ancient Troy was a great city"")","{02958343} <noun.artifact> car#1, auto#1, automobile#1, machine1#6, motorcar#1 -- (a motor vehicle with four wheels, usually propelled by an internal combustion engine, ""he needs a car to get to work"")","{02913152} <noun.artifact> building#1, edifice#1 -- (a structure that has a roof and walls and stands more or less permanently in one place, ""there was a three-story building on the corner"", ""it was an imposing edifice"")","{08615149} <noun.location> park#1, parkland#1 -- (a large area of land preserved in its natural state as public property, ""there are laws that protect the wildlife in this park"")",,,
Landscapess_053_h,Landscapes,skyscrapers,"{08524735} <noun.location> city#1, metropolis#1, urban center#1 -- (a large and densely populated urban area, may include several independent administrative districts, ""Ancient Troy was a great city"")","{02958343} <noun.artifact> car#1, auto#1, automobile#1, machine1#6, motorcar#1 -- (a motor vehicle with four wheels, usually propelled by an internal combustion engine, ""he needs a car to get to work"")",{07265990} <noun.communication> stoplight1#1, brake light#1 -- (a red light on the rear of a motor vehicle that signals when the brakes are applied to slow or stop),,,,
Landscapess_054_h,Landscapes,house,"{03544360} <noun.artifact> house#1 -- (a dwelling that serves as living quarters for one or more families, ""he has a house on Cape Cod"", ""she felt she had to get out of the house"")",{08438533} <noun.group> forest#1, wood#2, woods#1 -- (the trees and other plants in a large densely wooded area),{05565696} <noun.body> palm#1, thenar#2 -- (the inner surface of the hand from the wrist to the base of the fingers),,,,
Landscapess_055_h,Landscapes,vineyard,{04536038} <noun.artifact> vineyard#1, vinery#1 -- (a farm of grapevines where wine grapes are produced),{08438533} <noun.group> forest#1, wood#2, woods#1 -- (the trees and other plants in a large densely wooded area),,,,,
Landscapess_056_h,Landscapes,devastated house,"{03544360} <noun.artifact> house#1 -- (a dwelling that serves as living quarters for one or more families, ""he has a house on Cape Cod"", ""she felt she had to get out of the house"")",{01451402} <adj.all> destroyed#2, ruined#1 -- (destroyed physically or morally),{04587648} <noun.artifact> window#1 -- (a framework of wood or metal that contains a glass windowpane and is built into a wall or roof to admit light or air),,,,
Landscapess_057_h,Landscapes,highway,"{02958343} <noun.artifact> car#1, auto#1, automobile#1, machine1#6, motorcar#1 -- (a motor vehicle with four wheels, usually propelled by an internal combustion engine, ""he needs a car to get to work"")",{03519981} <noun.artifact> highway#1, main road#1 -- (a major road for any form of motor transport),{03074380} <noun.artifact> column1#6, pillar1#4 -- (a vertical cylindrical structure standing alone and not supporting anything (such as a monument)),,,,
Landscapess_058_h,Landscapes,devastated house,"{03001627} <noun.artifact> chair#1 -- (a seat for one person, with a support for the back, ""he put his coat over the back of the chair and sat down"")",{04256520} <noun.artifact> sofa#1, couch#1, lounge1#1 -- (an upholstered seat for more than one person),{04587648} <noun.artifact> window#1 -- (a framework of wood or metal that contains a glass windowpane and is built into a wall or roof to admit light or air),{01451402} <adj.all> destroyed#2, ruined#1 -- (destroyed physically or morally),,,
Landscapess_059_v,Landscapes,bridge,{02898711} <noun.artifact> bridge#1, span#5 -- (a structure that allows people or vehicles to cross an obstacle such as a river or canal or railway etc.),{03327234} <noun.artifact> fence#1, fencing#1 -- (a barrier that serves to enclose an area),{13984944} <noun.state> shadow1#1 -- (shade within clear boundaries),,,,
Landscapess_060_h,Landscapes,mines,{03768346} <noun.artifact> mine1#1 -- (excavation in the earth from which ores and minerals are extracted),{14966667} <noun.substance> oil#1 -- (a slippery or viscous liquid or liquefiable substance not miscible with water),{08505573} <noun.location> desert#1 -- (arid land with little or no vegetation),,,,
Landscapess_061_h,Landscapes,mine,{03768346} <noun.artifact> mine1#1 -- (excavation in the earth from which ores and minerals are extracted),{14966667} <noun.substance> oil#1 -- (a slippery or viscous liquid or liquefiable substance not miscible with water),{08505573} <noun.location> desert#1 -- (arid land with little or no vegetation),,,,
Landscapess_062_h,Landscapes,buildings,{09328904} <noun.object> lake#1 -- (a body of (usually fresh) water surrounded by land),"{03933529} <noun.artifact> pier#1, wharf#1, wharfage#2, dock1#3 -- (a platform built out from the shore into the water and supported by piles, provides access to ships and boats)","{13104059} <noun.plant> tree#1 -- (a tall perennial woody plant having a main trunk and branches forming a distinct elevated crown, includes both gymnosperms and angiosperms)",,,,
Landscapess_063_h,Landscapes,highway,"{02958343} <noun.artifact> car#1, auto#1, automobile#1, machine1#6, motorcar#1 -- (a motor vehicle with four wheels, usually propelled by an internal combustion engine, ""he needs a car to get to work"")",{03519981} <noun.artifact> highway#1, main road#1 -- (a major road for any form of motor transport),"{02913152} <noun.artifact> building#1, edifice#1 -- (a structure that has a roof and walls and stands more or less permanently in one place, ""there was a three-story building on the corner"", ""it was an imposing edifice"")","{13104059} <noun.plant> tree#1 -- (a tall perennial woody plant having a main trunk and branches forming a distinct elevated crown, includes both gymnosperms and angiosperms)",,,
Landscapess_064_h,Landscapes,garden,"{13104059} <noun.plant> tree#1 -- (a tall perennial woody plant having a main trunk and branches forming a distinct elevated crown, includes both gymnosperms and angiosperms)",{09448361} <noun.object> stream#1, watercourse1#2 -- (a natural body of running water flowing on or under the earth),"{08436759} <noun.group> vegetation#1, flora#1, botany#1 -- (all the plant life in a particular region or period, ""Pleistocene vegetation"", ""the flora of southern California"", ""the botany of China"")",,,,
Landscapess_065_h,Landscapes,buildings,{08663774} <noun.location> rooftop#1 -- (the top of a (usually flat) roof),{15043763} <noun.substance> snow#2 -- (a layer of snowflakes (white crystals of frozen water) covering the ground),"{03544360} <noun.artifact> house#1 -- (a dwelling that serves as living quarters for one or more families, ""he has a house on Cape Cod"", ""she felt she had to get out of the house"")","{03544360} <noun.artifact> house#1 -- (a dwelling that serves as living quarters for one or more families, ""he has a house on Cape Cod"", ""she felt she had to get out of the house"")",,,
Landscapess_066_h,Landscapes,dustbins,"{02958343} <noun.artifact> car#1, auto#1, automobile#1, machine1#6, motorcar#1 -- (a motor vehicle with four wheels, usually propelled by an internal combustion engine, ""he needs a car to get to work"")","{13104059} <noun.plant> tree#1 -- (a tall perennial woody plant having a main trunk and branches forming a distinct elevated crown, includes both gymnosperms and angiosperms)",{14857497} <noun.substance> rubbish#1, trash#1, scrap#2 -- (worthless material that is to be disposed of),"{02839910} <noun.artifact> bin#1 -- (a container, usually has a lid)",,,
Landscapess_067_h,Landscapes,balcony,"{02897820} <noun.artifact> brick#1 -- (rectangular block of clay baked by the sun or in a kiln, used as a building or paving material)",{02777734} <noun.artifact> balcony1#2 -- (a platform projecting from the wall of a building and surrounded by a balustrade or railing or parapet),{03327234} <noun.artifact> fence#1, fencing#1 -- (a barrier that serves to enclose an area),,,,
Landscapess_068_h,Landscapes,devastated house,"{03544360} <noun.artifact> house#1 -- (a dwelling that serves as living quarters for one or more families, ""he has a house on Cape Cod"", ""she felt she had to get out of the house",{01451402} <adj.all> destroyed#2, ruined#1 -- (destroyed physically or morally),"{03221720} <noun.artifact> door#1 -- (a swinging or sliding barrier that will close the entrance to a room or building or vehicle, ""he knocked on the door"", ""he slammed the door as he left"")",{04587648} <noun.artifact> window#1 -- (a framework of wood or metal that contains a glass windowpane and is built into a wall or roof to admit light or air),"{12102133} <noun.plant> grass#1 -- (narrow-leaved green herbage: grown as lawns, used as pasture for grazing animals, cut and dried as hay)",,
Landscapess_069_v,Landscapes,railroad tracks,"{09387222} <noun.object> path#4, track#1, course#5 -- (a line or route along which something travels or moves, ""the hurricane demolished houses in its path"", ""the track of an animal"", ""the course of the river"")","{09416076} <noun.object> rock1#1, stone#1 -- (a lump or mass of hard consolidated mineral matter, ""he threw a rock at me"")",,,,,
Landscapess_070_h,Landscapes,industry,{03327234} <noun.artifact> fence#1, fencing#1 -- (a barrier that serves to enclose an area),{08505573} <noun.location> desert#1 -- (arid land with little or no vegetation),{14857497} <noun.substance> rubbish#1, trash#1, scrap#2 -- (worthless material that is to be disposed of),,,,
Landscapess_071_h,Landscapes,river,"{09225146} <noun.object> body of water#1, water#2 -- (the part of the earth's surface covered with water (such as a river or lake or ocean), ""they invaded our territorial waters"", ""they were sitting by the water's edge"")",{02858304} <noun.artifact> boat#1 -- (a small vessel for travel on water),"{03933529} <noun.artifact> pier#1, wharf#1, wharfage#2, dock1#3 -- (a platform built out from the shore into the water and supported by piles, provides access to ships and boats)","{13104059} <noun.plant> tree#1 -- (a tall perennial woody plant having a main trunk and branches forming a distinct elevated crown, includes both gymnosperms and angiosperms)",,,
Landscapess_072_h,Landscapes,house,"{03544360} <noun.artifact> house#1 -- (a dwelling that serves as living quarters for one or more families, ""he has a house on Cape Cod"", ""she felt she had to get out of the house"")",{04587648} <noun.artifact> window#1 -- (a framework of wood or metal that contains a glass windowpane and is built into a wall or roof to admit light or air),{04306847} <noun.artifact> statue#1 -- (a sculpture representing a human or animal),,,,
Landscapess_073_h,Landscapes,house,"{03544360} <noun.artifact> house#1 -- (a dwelling that serves as living quarters for one or more families, ""he has a house on Cape Cod"", ""she felt she had to get out of the house"")",{11508382} <noun.phenomenon> snow#1, snowfall#1 -- (precipitation falling from clouds in the form of ice crystals),{02777734} <noun.artifact> balcony1#2 -- (a platform projecting from the wall of a building and surrounded by a balustrade or railing or parapet),"{04335886} <noun.artifact> streetlight#1, street lamp#1 -- (a lamp supported on a lamppost, for illuminating a street)",,,
Landscapess_074_h,Landscapes,industry,{04068441} <noun.artifact> refinery#1 -- (an industrial plant for purifying a crude substance),{14889479} <noun.substance> rust#1 -- (a red or brown oxide coating on iron or steel caused by the action of oxygen and moisture),,,,,
Landscapess_075_h,Landscapes,windows,{04587648} <noun.artifact> window#1 -- (a framework of wood or metal that contains a glass windowpane and is built into a wall or roof to admit light or air),"{04546855} <noun.artifact> wall#1 -- (an architectural partition with a height and length greater than its thickness, used to divide or enclose an area or to support another structure, ""the south wall had a small window"", ""the walls were covered with pictures"")","{00218475} <verb.change> dry1#1, dry out5#3 -- (remove the moisture from and make dry, ""dry clothes"", ""dry hair"")",,,,
Landscapess_076_h,Landscapes,wall,{15098161} <noun.substance> wood#1 -- (the hard fibrous lignified substance under the bark of trees),"{04546855} <noun.artifact> wall#1 -- (an architectural partition with a height and length greater than its thickness, used to divide or enclose an area or to support another structure, ""the south wall had a small window"", ""the walls were covered with pictures"")",,,,,
Landscapess_077_v,Landscapes,building foundation,{15043763} <noun.substance> snow#2 -- (a layer of snowflakes (white crystals of frozen water) covering the ground),"{13790712} <noun.relation> foundation#1 -- (the basis on which something is grounded, ""there is little foundation for his objections"")","{09225146} <noun.object> body of water#1, water#2 -- (the part of the earth's surface covered with water (such as a river or lake or ocean), ""they invaded our territorial waters"", ""they were sitting by the water's edge"")",,,,
Landscapess_078_h,Landscapes,bridge,{02898711} <noun.artifact> bridge#1, span#5 -- (a structure that allows people or vehicles to cross an obstacle such as a river or canal or railway etc.),"{05913842} <noun.cognition> pillar#1 -- (a fundamental principle or practice, ""science eroded the pillars of superstition"")","{12102133} <noun.plant> grass#1 -- (narrow-leaved green herbage: grown as lawns, used as pasture for grazing animals, cut and dried as hay)",,,,
Landscapess_079_v,Landscapes,house,"{02913152} <noun.artifact> building#1, edifice#1 -- (a structure that has a roof and walls and stands more or less permanently in one place, ""there was a three-story building on the corner"", ""it was an imposing edifice"")","{05913842} <noun.cognition> pillar#1 -- (a fundamental principle or practice, ""science eroded the pillars of superstition"")","{04334599} <noun.artifact> street#1 -- (a thoroughfare (usually including sidewalks) that is lined with buildings, ""they walked the streets of the small town"", ""he lives on Nassau Street"")",,,,
Landscapess_080_h,Landscapes,house,"{09303008} <noun.object> hill#1 -- (a local and well-defined elevation of the land, ""they loved to roam the hills of West Virginia"")","{13104059} <noun.plant> tree#1 -- (a tall perennial woody plant having a main trunk and branches forming a distinct elevated crown, includes both gymnosperms and angiosperms)","{03544360} <noun.artifact> house#1 -- (a dwelling that serves as living quarters for one or more families, ""he has a house on Cape Cod"", ""she felt she had to get out of the house"")",,,,
Landscapess_081_h,Landscapes,house,"{13104059} <noun.plant> tree#1 -- (a tall perennial woody plant having a main trunk and branches forming a distinct elevated crown, includes both gymnosperms and angiosperms)","{03544360} <noun.artifact> house#1 -- (a dwelling that serves as living quarters for one or more families, ""he has a house on Cape Cod"", ""she felt she had to get out of the house"")",,,,,
Landscapess_082_v,Landscapes,building,"{03544360} <noun.artifact> house#1 -- (a dwelling that serves as living quarters for one or more families, ""he has a house on Cape Cod"", ""she felt she had to get out of the house"")","{02958343} <noun.artifact> car#1, auto#1, automobile#1, machine1#6, motorcar#1 -- (a motor vehicle with four wheels, usually propelled by an internal combustion engine, ""he needs a car to get to work"")",{02777734} <noun.artifact> balcony1#2 -- (a platform projecting from the wall of a building and surrounded by a balustrade or railing or parapet),,,,
Landscapess_083_h,Landscapes,building,"{03544360} <noun.artifact> house#1 -- (a dwelling that serves as living quarters for one or more families, ""he has a house on Cape Cod"", ""she felt she had to get out of the house"")",{02858304} <noun.artifact> boat#1 -- (a small vessel for travel on water),"{09411430} <noun.object> river#1 -- (a large natural stream of water (larger than a creek), ""the river was navigable for 50 miles"")",,,,
Landscapess_084_v,Landscapes,bridge,"{09411430} <noun.object> river#1 -- (a large natural stream of water (larger than a creek), ""the river was navigable for 50 miles"")",{02898711} <noun.artifact> bridge#1, span#5 -- (a structure that allows people or vehicles to cross an obstacle such as a river or canal or railway etc.),"{08436759} <noun.group> vegetation#1, flora#1, botany#1 -- (all the plant life in a particular region or period, ""Pleistocene vegetation"", ""the flora of southern California"", ""the botany of China"")",,,,
Landscapess_085_h,Landscapes,cabin,"{03544360} <noun.artifact> house#1 -- (a dwelling that serves as living quarters for one or more families, ""he has a house on Cape Cod"", ""she felt she had to get out of the house"")",{03791053} <noun.artifact> motor scooter#1, scooter1#3 -- (a wheeled vehicle with small wheels and a low-powered gasoline engine geared to the rear wheel),"{13104059} <noun.plant> tree#1 -- (a tall perennial woody plant having a main trunk and branches forming a distinct elevated crown, includes both gymnosperms and angiosperms)",,,,
Landscapess_086_v,Landscapes,church,{02984061} <noun.artifact> cathedral#1 -- (any large and important church),{09436708} <noun.object> sky#1 -- (the atmosphere and outer space as viewed from the earth),{11439690} <noun.phenomenon> cloud1#1 -- (any collection of particles (e.g., smoke or dust) or gases that is visible),,,,
Landscapess_087_h,Landscapes,skyscrapers,{11439690} <noun.phenomenon> cloud1#1 -- (any collection of particles (e.g., smoke or dust) or gases that is visible),{09436708} <noun.object> sky#1 -- (the atmosphere and outer space as viewed from the earth),"{02913152} <noun.artifact> building#1, edifice#1 -- (a structure that has a roof and walls and stands more or less permanently in one place, ""there was a three-story building on the corner"", ""it was an imposing edifice"")",,,,
Landscapess_088_v,Landscapes,windows,{04587648} <noun.artifact> window#1 -- (a framework of wood or metal that contains a glass windowpane and is built into a wall or roof to admit light or air),"{04546855} <noun.artifact> wall#1 -- (an architectural partition with a height and length greater than its thickness, used to divide or enclose an area or to support another structure, ""the south wall had a small window"", ""the walls were covered with pictures"")",{13100677} <noun.plant> vine#1 -- (a plant with a weak stem that derives support from climbing, twining, or creeping along a surface),,,,
Landscapess_089_h,Landscapes,garden,{03417749} <noun.artifact> garden1#3 -- (a yard or lawn adjoining a house),"{08436759} <noun.group> vegetation#1, flora#1, botany#1 -- (all the plant life in a particular region or period, ""Pleistocene vegetation"", ""the flora of southern California"", ""the botany of China"")",,,,,
Landscapess_090_h,Landscapes,church,{08082602} <noun.group> church#1, Christian church#1 -- (one of the groups of Christians who have their own beliefs and forms of worship),{03417749} <noun.artifact> garden1#3 -- (a yard or lawn adjoining a house),"{02958343} <noun.artifact> car#1, auto#1, automobile#1, machine1#6, motorcar#1 -- (a motor vehicle with four wheels, usually propelled by an internal combustion engine, ""he needs a car to get to work"")",,,,
Landscapess_091_h,Landscapes,window,{04587648} <noun.artifact> window#1 -- (a framework of wood or metal that contains a glass windowpane and is built into a wall or roof to admit light or air),"{04546855} <noun.artifact> wall#1 -- (an architectural partition with a height and length greater than its thickness, used to divide or enclose an area or to support another structure, ""the south wall had a small window"", ""the walls were covered with pictures"")",,,,,
Landscapess_092_h,Landscapes,devastated palace,{01451402} <adj.all> destroyed#2, ruined#1 -- (destroyed physically or morally),{03878066} <noun.artifact> palace1#1, castle2#1 -- (a large and stately mansion),{09436708} <noun.object> sky#1 -- (the atmosphere and outer space as viewed from the earth),,,,
Landscapess_093_h,Landscapes,chairs,"{03001627} <noun.artifact> chair#1 -- (a seat for one person, with a support for the back, ""he put his coat over the back of the chair and sat down"")","{03365592} <noun.artifact> floor#1, flooring#1 -- (the inside lower horizontal surface (as of a room, hallway, tent, or other structure), ""they needed rugs to cover the bare floors"", ""we spread our sleeping bags on the dry floor of the tent"")",{04435180} <noun.artifact> tile#1 -- (a flat thin rectangular slab (as of fired clay or rubber or linoleum) used to cover surfaces),,,,
Landscapess_094_h,Landscapes,palace,{03878066} <noun.artifact> palace1#1, castle2#1 -- (a large and stately mansion),{03417749} <noun.artifact> garden1#3 -- (a yard or lawn adjoining a house),{03388043} <noun.artifact> fountain2#1 -- (a structure from which an artificially produced jet of water arises),,,,
Landscapess_095_h,Landscapes,skyscrapers,{04049098} <noun.artifact> railway station#1, railroad station#1, railroad terminal#1, train station#1, train depot#1 -- (terminal where trains load or unload passengers or goods),{04233124} <noun.artifact> skyscraper#1 -- (a very tall building with many stories),"{08524735} <noun.location> city#1, metropolis#1, urban center#1 -- (a large and densely populated urban area, may include several independent administrative districts, ""Ancient Troy was a great city"")",,,,
Landscapess_096_h,Landscapes,flowers,{11669921} <noun.plant> flower#1 -- (a plant cultivated for its blooms or blossoms),"{08436759} <noun.group> vegetation#1, flora#1, botany#1 -- (all the plant life in a particular region or period, ""Pleistocene vegetation"", ""the flora of southern California"", ""the botany of China"")",,,,,
Landscapess_097_v,Landscapes,park,{08438533} <noun.group> forest#1, wood#2, woods#1 -- (the trees and other plants in a large densely wooded area),"{09460312} <noun.object> trail1#1 -- (a track or mark left by something that has passed, ""there as a trail of blood"", ""a tear left its trail on her cheek"")",,,,,
Landscapess_098_h,Landscapes,sunset,{15169248} <noun.time> sunset#1, sundown#1 -- (the time in the evening at which the sun begins to fall below the horizon),{11439690} <noun.phenomenon> cloud1#1 -- (any collection of particles (e.g., smoke or dust) or gases that is visible),,,,,
Landscapess_099_v,Landscapes,snow,{15043763} <noun.substance> snow#2 -- (a layer of snowflakes (white crystals of frozen water) covering the ground),,,,,,
Landscapess_100_h,Landscapes,water,"{09225146} <noun.object> body of water#1, water#2 -- (the part of the earth's surface covered with water (such as a river or lake or ocean), ""they invaded our territorial waters"", ""they were sitting by the water's edge"")",{14498096} <noun.state> dirt#2, filth1#2, grime#1, soil#1, stain#3, grease#2, grunge#1 -- (the state of being covered with unclean things),{05785508} <noun.cognition> contemplation#2, reflection#1, reflexion#4, rumination#1, musing#1, thoughtfulness#1 -- (a calm, lengthy, intent consideration),,,,
Landscapess_101_v,Landscapes,stream,{09448361} <noun.object> stream#1, watercourse1#2 -- (a natural body of running water flowing on or under the earth),{08438533} <noun.group> forest#1, wood#2, woods#1 -- (the trees and other plants in a large densely wooded area),"{13104059} <noun.plant> tree#1 -- (a tall perennial woody plant having a main trunk and branches forming a distinct elevated crown, includes both gymnosperms and angiosperms)",,,,
Landscapess_102_h,Landscapes,rocks,"{09416076} <noun.object> rock1#1, stone#1 -- (a lump or mass of hard consolidated mineral matter, ""he threw a rock at me"")",{08505573} <noun.location> desert#1 -- (arid land with little or no vegetation),,,,,
Landscapess_103_v,Landscapes,tree,"{13104059} <noun.plant> tree#1 -- (a tall perennial woody plant having a main trunk and branches forming a distinct elevated crown, includes both gymnosperms and angiosperms)","{00310386} <verb.change> boom#5, thrive#1, flourish1#1, expand1#4 -- (grow vigorously, ""The deer population in this town is thriving"", ""business is booming"")","{08436759} <noun.group> vegetation#1, flora#1, botany#1 -- (all the plant life in a particular region or period, ""Pleistocene vegetation"", ""the flora of southern California"", ""the botany of China"")",,,,
Landscapess_104_h,Landscapes,water lilies,"{11715810} <noun.plant> lotus1#3, white lotus#1, Egyptian water lily#1, white lily2#2, Nymphaea lotus#1 -- (white Egyptian lotus: water lily of Egypt to southeastern Africa, held sacred by the Egyptians)","{09225146} <noun.object> body of water#1, water#2 -- (the part of the earth's surface covered with water (such as a river or lake or ocean), ""they invaded our territorial waters"", ""they were sitting by the water's edge"")",{09328904} <noun.object> lake#1 -- (a body of (usually fresh) water surrounded by land),,,,
Landscapess_105_v,Landscapes,park,{08438533} <noun.group> forest#1, wood#2, woods#1 -- (the trees and other plants in a large densely wooded area),"{13104059} <noun.plant> tree#1 -- (a tall perennial woody plant having a main trunk and branches forming a distinct elevated crown, includes both gymnosperms and angiosperms)","{00415676} <noun.act> way#5, path#1, way of life#1 -- (a course of conduct, ""the path of virtue"", ""we went our separate ways"", ""our paths in life led us apart"", ""genius usually follows a revolutionary path"")",,,,
Landscapess_106_v,Landscapes,water,"{09225146} <noun.object> body of water#1, water#2 -- (the part of the earth's surface covered with water (such as a river or lake or ocean), ""they invaded our territorial waters"", ""they were sitting by the water's edge"")",,,,,,
Landscapess_107_h,Landscapes,grass,"{12102133} <noun.plant> grass#1 -- (narrow-leaved green herbage: grown as lawns, used as pasture for grazing animals, cut and dried as hay)","{08436759} <noun.group> vegetation#1, flora#1, botany#1 -- (all the plant life in a particular region or period, ""Pleistocene vegetation"", ""the flora of southern California"", ""the botany of China"")",,,,,
Landscapess_108_v,Landscapes,waterfall,"{09225146} <noun.object> body of water#1, water#2 -- (the part of the earth's surface covered with water (such as a river or lake or ocean), ""they invaded our territorial waters"", ""they were sitting by the water's edge"")",{09475292} <noun.object> waterfall#1, falls#2 -- (a steep descent of the water of a river),,,,,
Landscapess_109_h,Landscapes,water lilies,{09328904} <noun.object> lake#1 -- (a body of (usually fresh) water surrounded by land),"{09225146} <noun.object> body of water#1, water#2 -- (the part of the earth's surface covered with water (such as a river or lake or ocean), ""they invaded our territorial waters"", ""they were sitting by the water's edge"")","{11715810} <noun.plant> lotus1#3, white lotus#1, Egyptian water lily#1, white lily2#2, Nymphaea lotus#1 -- (white Egyptian lotus: water lily of Egypt to southeastern Africa, held sacred by the Egyptians)","{08436759} <noun.group> vegetation#1, flora#1, botany#1 -- (all the plant life in a particular region or period, ""Pleistocene vegetation"", ""the flora of southern California"", ""the botany of China"")",,,
Landscapess_110_v,Landscapes,rocks,"{09416076} <noun.object> rock1#1, stone#1 -- (a lump or mass of hard consolidated mineral matter, ""he threw a rock at me"")","{09303008} <noun.object> hill#1 -- (a local and well-defined elevation of the land, ""they loved to roam the hills of West Virginia"")",,,,,
Landscapess_111_h,Landscapes,water lilies,{09328904} <noun.object> lake#1 -- (a body of (usually fresh) water surrounded by land),"{09225146} <noun.object> body of water#1, water#2 -- (the part of the earth's surface covered with water (such as a river or lake or ocean), ""they invaded our territorial waters"", ""they were sitting by the water's edge"")","{11715810} <noun.plant> lotus1#3, white lotus#1, Egyptian water lily#1, white lily2#2, Nymphaea lotus#1 -- (white Egyptian lotus: water lily of Egypt to southeastern Africa, held sacred by the Egyptians)","{08436759} <noun.group> vegetation#1, flora#1, botany#1 -- (all the plant life in a particular region or period, ""Pleistocene vegetation"", ""the flora of southern California"", ""the botany of China"")",,,
Landscapess_112_v,Landscapes,garden,"{08436759} <noun.group> vegetation#1, flora#1, botany#1 -- (all the plant life in a particular region or period, ""Pleistocene vegetation"", ""the flora of southern California"", ""the botany of China"")",{08438533} <noun.group> forest#1, wood#2, woods#1 -- (the trees and other plants in a large densely wooded area),"{13104059} <noun.plant> tree#1 -- (a tall perennial woody plant having a main trunk and branches forming a distinct elevated crown, includes both gymnosperms and angiosperms)",,,,
Landscapess_113_h,Landscapes,sea,{09433442} <noun.object> shore#1 -- (the land along the edge of a body of water),{09426788} <noun.object> sea#1 -- (a division of an ocean or a large body of salt water partially enclosed by land),"{09225146} <noun.object> body of water#1, water#2 -- (the part of the earth's surface covered with water (such as a river or lake or ocean), ""they invaded our territorial waters"", ""they were sitting by the water's edge"")",,,,
Landscapess_114_v,Landscapes,snow,"{09225146} <noun.object> body of water#1, water#2 -- (the part of the earth's surface covered with water (such as a river or lake or ocean), ""they invaded our territorial waters"", ""they were sitting by the water's edge"")",{09475292} <noun.object> waterfall#1, falls#2 -- (a steep descent of the water of a river),{15043763} <noun.substance> snow#2 -- (a layer of snowflakes (white crystals of frozen water) covering the ground),{08438533} <noun.group> forest#1, wood#2, woods#1 -- (the trees and other plants in a large densely wooded area),"{13104059} <noun.plant> tree#1 -- (a tall perennial woody plant having a main trunk and branches forming a distinct elevated crown, includes both gymnosperms and angiosperms)",,
Landscapess_115_v,Landscapes,river,"{09225146} <noun.object> body of water#1, water#2 -- (the part of the earth's surface covered with water (such as a river or lake or ocean), ""they invaded our territorial waters"", ""they were sitting by the water's edge"")",{09448361} <noun.object> stream#1, watercourse1#2 -- (a natural body of running water flowing on or under the earth),{15043763} <noun.substance> snow#2 -- (a layer of snowflakes (white crystals of frozen water) covering the ground),"{13104059} <noun.plant> tree#1 -- (a tall perennial woody plant having a main trunk and branches forming a distinct elevated crown, includes both gymnosperms and angiosperms)",,,
Landscapess_116_v,Landscapes,river,"{09225146} <noun.object> body of water#1, water#2 -- (the part of the earth's surface covered with water (such as a river or lake or ocean), ""they invaded our territorial waters"", ""they were sitting by the water's edge"")",{09448361} <noun.object> stream#1, watercourse1#2 -- (a natural body of running water flowing on or under the earth),"{13104059} <noun.plant> tree#1 -- (a tall perennial woody plant having a main trunk and branches forming a distinct elevated crown, includes both gymnosperms and angiosperms)",,,,
Landscapess_117_h,Landscapes,fields,"{08436759} <noun.group> vegetation#1, flora#1, botany#1 -- (all the plant life in a particular region or period, ""Pleistocene vegetation"", ""the flora of southern California"", ""the botany of China"")",{13112664} <noun.plant> shrub#1, bush#1 -- (a low woody perennial plant usually having several major stems),,,,,
Landscapess_118_v,Landscapes,burning fields,"{07302836} <noun.event> fire#1 -- (the event of something burning (often destructive), ""they lost everything in the fire"")","{00378664} <verb.change> burn2#1, fire1#8, burn down2#2 -- (destroy by fire, ""They burned the house and his diaries"")","{08569998} <noun.location> field#1 -- (a piece of land cleared of trees and usually enclosed, ""he planted a field of wheat"")",,,,
Landscapess_119_h,Landscapes,plants,{11669921} <noun.plant> flower#1 -- (a plant cultivated for its blooms or blossoms),"{08436759} <noun.group> vegetation#1, flora#1, botany#1 -- (all the plant life in a particular region or period, ""Pleistocene vegetation"", ""the flora of southern California"", ""the botany of China"")",,,,,
Landscapess_120_v,Landscapes,meadow,{08570634} <noun.location> hayfield#1, meadow#1 -- (a field where grass or alfalfa are grown to be made into hay),"{08569998} <noun.location> field#1 -- (a piece of land cleared of trees and usually enclosed, ""he planted a field of wheat"")","{08436759} <noun.group> vegetation#1, flora#1, botany#1 -- (all the plant life in a particular region or period, ""Pleistocene vegetation"", ""the flora of southern California"", ""the botany of China"")",,,,
Landscapess_121_h,Landscapes,sea,"{03933529} <noun.artifact> pier#1, wharf#1, wharfage#2, dock1#3 -- (a platform built out from the shore into the water and supported by piles, provides access to ships and boats)",{09426788} <noun.object> sea#1 -- (a division of an ocean or a large body of salt water partially enclosed by land),"{09225146} <noun.object> body of water#1, water#2 -- (the part of the earth's surface covered with water (such as a river or lake or ocean), ""they invaded our territorial waters"", ""they were sitting by the water's edge"")",,,,
Landscapess_122_v,Landscapes,bridge,{02898711} <noun.artifact> bridge#1, span#5 -- (a structure that allows people or vehicles to cross an obstacle such as a river or canal or railway etc.),{15169248} <noun.time> sunset#1, sundown#1 -- (the time in the evening at which the sun begins to fall below the horizon),,,,,
Landscapess_123_h,Landscapes,sea,{09426788} <noun.object> sea#1 -- (a division of an ocean or a large body of salt water partially enclosed by land),{15169248} <noun.time> sunset#1, sundown#1 -- (the time in the evening at which the sun begins to fall below the horizon),,,,,
Landscapess_124_h,Landscapes,flowers,{11669921} <noun.plant> flower#1 -- (a plant cultivated for its blooms or blossoms),"{08436759} <noun.group> vegetation#1, flora#1, botany#1 -- (all the plant life in a particular region or period, ""Pleistocene vegetation"", ""the flora of southern California"", ""the botany of China"")",,,,,
Landscapess_125_h,Landscapes,flower,{12454159} <noun.plant> tulip#1 -- (any of numerous perennial bulbous herbs having linear or broadly lanceolate leaves and usually a single showy flower),{11669921} <noun.plant> flower#1 -- (a plant cultivated for its blooms or blossoms),"{08436759} <noun.group> vegetation#1, flora#1, botany#1 -- (all the plant life in a particular region or period, ""Pleistocene vegetation"", ""the flora of southern California"", ""the botany of China"")",,,,
Landscapess_126_h,Landscapes,plants,{11669921} <noun.plant> flower#1 -- (a plant cultivated for its blooms or blossoms),"{08436759} <noun.group> vegetation#1, flora#1, botany#1 -- (all the plant life in a particular region or period, ""Pleistocene vegetation"", ""the flora of southern California"", ""the botany of China"")",,,,,
Landscapess_127_h,Landscapes,flowers,{12024176} <noun.plant> dandelion#1, blowball#1 -- (any of several herbs of the genus Taraxacum having long tap roots and deeply notched leaves and bright yellow flowers followed by fluffy seed balls),"{00385756} <adj.all> yellow#1, yellowish#1, xanthous#1 -- (of the color intermediate between green and orange in the color spectrum, of something resembling the color of an egg yolk)",{11669921} <noun.plant> flower#1 -- (a plant cultivated for its blooms or blossoms),"{08436759} <noun.group> vegetation#1, flora#1, botany#1 -- (all the plant life in a particular region or period, ""Pleistocene vegetation"", ""the flora of southern California"", ""the botany of China"")",,,
Landscapess_128_h,Landscapes,palm trees,{12582231} <noun.plant> palm#3, palm tree#1 -- (any plant of the family Palmae having an unbranched trunk crowned by large pinnate or palmate leaves),"{08436759} <noun.group> vegetation#1, flora#1, botany#1 -- (all the plant life in a particular region or period, ""Pleistocene vegetation"", ""the flora of southern California"", ""the botany of China"")","{13104059} <noun.plant> tree#1 -- (a tall perennial woody plant having a main trunk and branches forming a distinct elevated crown, includes both gymnosperms and angiosperms)",,,,
Landscapess_129_v,Landscapes,water lilies,{09328904} <noun.object> lake#1 -- (a body of (usually fresh) water surrounded by land),"{09225146} <noun.object> body of water#1, water#2 -- (the part of the earth's surface covered with water (such as a river or lake or ocean), ""they invaded our territorial waters"", ""they were sitting by the water's edge"")","{11715810} <noun.plant> lotus1#3, white lotus#1, Egyptian water lily#1, white lily2#2, Nymphaea lotus#1 -- (white Egyptian lotus: water lily of Egypt to southeastern Africa, held sacred by the Egyptians)","{08436759} <noun.group> vegetation#1, flora#1, botany#1 -- (all the plant life in a particular region or period, ""Pleistocene vegetation"", ""the flora of southern California"", ""the botany of China"")",,,
Landscapess_130_h,Landscapes,field,"{09225146} <noun.object> body of water#1, water#2 -- (the part of the earth's surface covered with water (such as a river or lake or ocean), ""they invaded our territorial waters"", ""they were sitting by the water's edge"")","{08436759} <noun.group> vegetation#1, flora#1, botany#1 -- (all the plant life in a particular region or period, ""Pleistocene vegetation"", ""the flora of southern California"", ""the botany of China"")","{08569998} <noun.location> field#1 -- (a piece of land cleared of trees and usually enclosed, ""he planted a field of wheat"")",,,,
Landscapess_131_h,Landscapes,field,"{08569998} <noun.location> field#1 -- (a piece of land cleared of trees and usually enclosed, ""he planted a field of wheat"")",{11439690} <noun.phenomenon> cloud1#1 -- (any collection of particles (e.g., smoke or dust) or gases that is visible),{09436708} <noun.object> sky#1 -- (the atmosphere and outer space as viewed from the earth),,,,
Landscapess_132_h,Landscapes,meadow,"{00385756} <adj.all> yellow#1, yellowish#1, xanthous#1 -- (of the color intermediate between green and orange in the color spectrum, of something resembling the color of an egg yolk)",{11669921} <noun.plant> flower#1 -- (a plant cultivated for its blooms or blossoms),"{08436759} <noun.group> vegetation#1, flora#1, botany#1 -- (all the plant life in a particular region or period, ""Pleistocene vegetation"", ""the flora of southern California"", ""the botany of China"")",{08570634} <noun.location> hayfield#1, meadow#1 -- (a field where grass or alfalfa are grown to be made into hay),{09436708} <noun.object> sky#1 -- (the atmosphere and outer space as viewed from the earth),,
Landscapess_133_h,Landscapes,flowers,{11669921} <noun.plant> flower#1 -- (a plant cultivated for its blooms or blossoms),{03991062} <noun.artifact> pot4#4, flowerpot#1 -- (a container in which plants are cultivated),{00379595} <adj.all> pink#1, pinkish#1 -- (of a light shade of red),,,,
Landscapess_134_h,Landscapes,flowers,"{00402419} <adj.all> colorful#1 (vs. colorless2#2), colourful#2 -- (having striking color, ""colorful autumn leaves"")","{04956594} <noun.attribute> color#1, colour#6, coloring#2, colouring#2 -- (a visual attribute of things that results from the light they emit or transmit or reflect, ""a white color is made up of many different wavelengths of light"")",{11669921} <noun.plant> flower#1 -- (a plant cultivated for its blooms or blossoms),,,,
Landscapess_135_h,Landscapes,tree,"{00289082} <adj.all> broken1#1 (vs. unbroken1#5) -- (physically and forcibly separated into pieces or cracked or split, ""a broken mirror"", ""a broken tooth"", ""a broken leg"", ""his neck is broken"")","{13104059} <noun.plant> tree#1 -- (a tall perennial woody plant having a main trunk and branches forming a distinct elevated crown, includes both gymnosperms and angiosperms)",,,,,
Landscapess_136_h,Landscapes,river,"{09411430} <noun.object> river#1 -- (a large natural stream of water (larger than a creek), ""the river was navigable for 50 miles"")","{08436759} <noun.group> vegetation#1, flora#1, botany#1 -- (all the plant life in a particular region or period, ""Pleistocene vegetation"", ""the flora of southern California"", ""the botany of China"")","{00375969} <adj.all> green#1, greenish#1, light-green#1, dark-green#1 -- (of the color between blue and yellow in the color spectrum, similar to the color of fresh grass, ""a green tree"", ""green fields"", ""green paint"")","{13104059} <noun.plant> tree#1 -- (a tall perennial woody plant having a main trunk and branches forming a distinct elevated crown, includes both gymnosperms and angiosperms)",,,
Landscapess_137_h,Landscapes,flower,{12454159} <noun.plant> tulip#1 -- (any of numerous perennial bulbous herbs having linear or broadly lanceolate leaves and usually a single showy flower),{11669921} <noun.plant> flower#1 -- (a plant cultivated for its blooms or blossoms),"{08436759} <noun.group> vegetation#1, flora#1, botany#1 -- (all the plant life in a particular region or period, ""Pleistocene vegetation"", ""the flora of southern California"", ""the botany of China"")","{00385756} <adj.all> yellow#1, yellowish#1, xanthous#1 -- (of the color intermediate between green and orange in the color spectrum, of something resembling the color of an egg yolk)","{04967191} <noun.attribute> green#1, greenness#3, viridity#1 -- (green color or pigment, resembling the color of growing grass)",,
Landscapess_138_h,Landscapes,sky,{11439690} <noun.phenomenon> cloud1#1 -- (any collection of particles (e.g., smoke or dust) or gases that is visible),"{09450163} <noun.object> sun#1, Sun2#1 -- (the star that is the source of light and heat for the planets in the solar system, ""the sun contains 99.85% of the mass in the solar system"", ""the Earth revolves around the Sun"")",{09436708} <noun.object> sky#1 -- (the atmosphere and outer space as viewed from the earth),"{13104059} <noun.plant> tree#1 -- (a tall perennial woody plant having a main trunk and branches forming a distinct elevated crown, includes both gymnosperms and angiosperms)",,,
Landscapess_139_h,Landscapes,waste,{14857497} <noun.substance> rubbish#1, trash#1, scrap#2 -- (worthless material that is to be disposed of),"{13104059} <noun.plant> tree#1 -- (a tall perennial woody plant having a main trunk and branches forming a distinct elevated crown, includes both gymnosperms and angiosperms)",,,,,
Landscapess_140_v,Landscapes,palm trees,{09376198} <noun.object> ocean#1 -- (a large body of water constituting a principal part of the hydrosphere),{12582231} <noun.plant> palm#3, palm tree#1 -- (any plant of the family Palmae having an unbranched trunk crowned by large pinnate or palmate leaves),{09436708} <noun.object> sky#1 -- (the atmosphere and outer space as viewed from the earth),,,,
Landscapess_141_h,Landscapes,sky,{11439690} <noun.phenomenon> cloud1#1 -- (any collection of particles (e.g., smoke or dust) or gases that is visible),"{09450163} <noun.object> sun#1, Sun2#1 -- (the star that is the source of light and heat for the planets in the solar system, ""the sun contains 99.85% of the mass in the solar system"", ""the Earth revolves around the Sun"")",{09436708} <noun.object> sky#1 -- (the atmosphere and outer space as viewed from the earth),{15169248} <noun.time> sunset#1, sundown#1 -- (the time in the evening at which the sun begins to fall below the horizon),,,
Landscapess_142_h,Landscapes,water,{09328904} <noun.object> lake#1 -- (a body of (usually fresh) water surrounded by land),"{08436759} <noun.group> vegetation#1, flora#1, botany#1 -- (all the plant life in a particular region or period, ""Pleistocene vegetation"", ""the flora of southern California"", ""the botany of China"")",,,,,
Landscapess_143_h,Landscapes,flowers,{11669921} <noun.plant> flower#1 -- (a plant cultivated for its blooms or blossoms),"{08436759} <noun.group> vegetation#1, flora#1, botany#1 -- (all the plant life in a particular region or period, ""Pleistocene vegetation"", ""the flora of southern California"", ""the botany of China"")","{00375969} <adj.all> green#1, greenish#1, light-green#1, dark-green#1 -- (of the color between blue and yellow in the color spectrum, similar to the color of fresh grass, ""a green tree"", ""green fields"", ""green paint"")","{00385756} <adj.all> yellow#1, yellowish#1, xanthous#1 -- (of the color intermediate between green and orange in the color spectrum, of something resembling the color of an egg yolk)","{00381097} <adj.all> red1#1, reddish#1, ruddy#2, blood-red#1, carmine#1, cerise#1, cherry#1, cherry-red#1, crimson#1, ruby#1, ruby-red#1, scarlet#1 -- (of a color at the end of the color spectrum (next to orange),",,
Landscapess_144_h,Landscapes,field,"{08569998} <noun.location> field#1 -- (a piece of land cleared of trees and usually enclosed, ""he planted a field of wheat"")",{03327234} <noun.artifact> fence#1, fencing#1 -- (a barrier that serves to enclose an area),"{08436759} <noun.group> vegetation#1, flora#1, botany#1 -- (all the plant life in a particular region or period, ""Pleistocene vegetation"", ""the flora of southern California"", ""the botany of China"")",{11439690} <noun.phenomenon> cloud1#1 -- (any collection of particles (e.g., smoke or dust) or gases that is visible),,,
Landscapess_145_h,Landscapes,water,"{08436759} <noun.group> vegetation#1, flora#1, botany#1 -- (all the plant life in a particular region or period, ""Pleistocene vegetation"", ""the flora of southern California"", ""the botany of China"")","{09225146} <noun.object> body of water#1, water#2 -- (the part of the earth's surface covered with water (such as a river or lake or ocean), ""they invaded our territorial waters"", ""they were sitting by the water's edge"")",,,,,
Landscapess_146_h,Landscapes,garden,{03417345} <noun.artifact> garden#1 -- (a plot of ground where plants are cultivated),"{08436759} <noun.group> vegetation#1, flora#1, botany#1 -- (all the plant life in a particular region or period, ""Pleistocene vegetation"", ""the flora of southern California"", ""the botany of China"")","{00375969} <adj.all> green#1, greenish#1, light-green#1, dark-green#1 -- (of the color between blue and yellow in the color spectrum, similar to the color of fresh grass, ""a green tree"", ""green fields"", ""green paint"")",,,,
Landscapess_147_h,Landscapes,flowers,{11669921} <noun.plant> flower#1 -- (a plant cultivated for its blooms or blossoms),"{08436759} <noun.group> vegetation#1, flora#1, botany#1 -- (all the plant life in a particular region or period, ""Pleistocene vegetation"", ""the flora of southern California"", ""the botany of China"")","{00375969} <adj.all> green#1, greenish#1, light-green#1, dark-green#1 -- (of the color between blue and yellow in the color spectrum, similar to the color of fresh grass, ""a green tree"", ""green fields"", ""green paint"")",,,,
Landscapess_148_h,Landscapes,water,"{09225146} <noun.object> body of water#1, water#2 -- (the part of the earth's surface covered with water (such as a river or lake or ocean), ""they invaded our territorial waters"", ""they were sitting by the water's edge"")","{00375969} <adj.all> green#1, greenish#1, light-green#1, dark-green#1 -- (of the color between blue and yellow in the color spectrum, similar to the color of fresh grass, ""a green tree"", ""green fields"", ""green paint"")","{08436759} <noun.group> vegetation#1, flora#1, botany#1 -- (all the plant life in a particular region or period, ""Pleistocene vegetation"", ""the flora of southern California"", ""the botany of China"")",,,,
Landscapess_149_h,Landscapes,rocks,"{09416076} <noun.object> rock1#1, stone#1 -- (a lump or mass of hard consolidated mineral matter, ""he threw a rock at me"")",{09436708} <noun.object> sky#1 -- (the atmosphere and outer space as viewed from the earth),"{04968895} <noun.attribute> blue#1, blueness#1 -- (blue color or pigment, resembling the color of the clear sky in the daytime, ""he had eyes of bright blue"")",,,,
Landscapess_150_v,Landscapes,flowers,{11669921} <noun.plant> flower#1 -- (a plant cultivated for its blooms or blossoms),{04587648} <noun.artifact> window#1 -- (a framework of wood or metal that contains a glass windowpane and is built into a wall or roof to admit light or air),{04522168} <noun.artifact> vase#1 -- (an open jar of glass or porcelain used as an ornament or to hold flowers),"{00378892} <adj.all> orange#1, orangish#1 -- (of the color between red and yellow, similar to the color of a ripe orange)","{00375969} <adj.all> green#1, greenish#1, light-green#1, dark-green#1 -- (of the color between blue and yellow in the color spectrum, similar to the color of fresh grass, ""a green tree"", ""green fields"", ""green paint"")",,
Landscapess_151_h,Landscapes,desert,{08505573} <noun.location> desert#1 -- (arid land with little or no vegetation),"{09416076} <noun.object> rock1#1, stone#1 -- (a lump or mass of hard consolidated mineral matter, ""he threw a rock at me"")",{09436708} <noun.object> sky#1 -- (the atmosphere and outer space as viewed from the earth),,,,
Landscapess_152_h,Landscapes,flowers,"{08436759} <noun.group> vegetation#1, flora#1, botany#1 -- (all the plant life in a particular region or period, ""Pleistocene vegetation"", ""the flora of southern California"", ""the botany of China"")","{00402419} <adj.all> colorful#1 (vs. colorless2#2), colourful#2 -- (having striking color, ""colorful autumn leaves"")",{11669921} <noun.plant> flower#1 -- (a plant cultivated for its blooms or blossoms),,,,
Landscapess_153_h,Landscapes,desert,{08505573} <noun.location> desert#1 -- (arid land with little or no vegetation),"{09416076} <noun.object> rock1#1, stone#1 -- (a lump or mass of hard consolidated mineral matter, ""he threw a rock at me"")",,,,,
Landscapess_154_h,Landscapes,mountains,{09436708} <noun.object> sky#1 -- (the atmosphere and outer space as viewed from the earth),"{09359803} <noun.object> mountain#1, mount#3 -- (a land mass that projects well above its surroundings, higher than a hill)","{09411430} <noun.object> river#1 -- (a large natural stream of water (larger than a creek), ""the river was navigable for 50 miles"")",,,,
Landscapess_155_h,Landscapes,trees,"{13104059} <noun.plant> tree#1 -- (a tall perennial woody plant having a main trunk and branches forming a distinct elevated crown, includes both gymnosperms and angiosperms)","{14845743} <noun.substance> water#1, H2O#1 -- (binary compound that occurs at room temperature as a clear colorless odorless tasteless liquid, freezes into ice below 0 degrees centigrade and boils above 100 degrees centigrade, widely used as a solvent)","{13125117} <noun.plant> root#1 -- ((botany) the usually underground organ that lacks buds or leaves or nodes, absorbs water and mineral salts, usually it anchors the plant to the ground)",,,,
Landscapess_156_h,Landscapes,trees,{09436708} <noun.object> sky#1 -- (the atmosphere and outer space as viewed from the earth),"{13104059} <noun.plant> tree#1 -- (a tall perennial woody plant having a main trunk and branches forming a distinct elevated crown, includes both gymnosperms and angiosperms)",,,,,
Landscapess_157_h,Landscapes,mountains,{09436708} <noun.object> sky#1 -- (the atmosphere and outer space as viewed from the earth),"{09359803} <noun.object> mountain#1, mount#3 -- (a land mass that projects well above its surroundings, higher than a hill)",{08505573} <noun.location> desert#1 -- (arid land with little or no vegetation),"{04968895} <noun.attribute> blue#1, blueness#1 -- (blue color or pigment, resembling the color of the clear sky in the daytime, ""he had eyes of bright blue"")",,,
Landscapess_158_h,Landscapes,desert,{09436708} <noun.object> sky#1 -- (the atmosphere and outer space as viewed from the earth),{08505573} <noun.location> desert#1 -- (arid land with little or no vegetation),"{04968895} <noun.attribute> blue#1, blueness#1 -- (blue color or pigment, resembling the color of the clear sky in the daytime, ""he had eyes of bright blue"")",,,,
Landscapess_159_h,Landscapes,plants,"{08436759} <noun.group> vegetation#1, flora#1, botany#1 -- (all the plant life in a particular region or period, ""Pleistocene vegetation"", ""the flora of southern California"", ""the botany of China"")","{03956922} <noun.artifact> plant1#1, works2#1, industrial plant#1 -- (buildings for carrying on industrial labor, ""they built a large plant to manufacture automobiles"")",{01397497} <noun.animal> seaweed#1 -- (plant growing in the sea, especially marine algae),,,,
Landscapess_160_v,Landscapes,forest,"{13104059} <noun.plant> tree#1 -- (a tall perennial woody plant having a main trunk and branches forming a distinct elevated crown, includes both gymnosperms and angiosperms)",{08438533} <noun.group> forest#1, wood#2, woods#1 -- (the trees and other plants in a large densely wooded area),,,,,
Landscapess_161_h,Landscapes,desert,{08505573} <noun.location> desert#1 -- (arid land with little or no vegetation),{09436708} <noun.object> sky#1 -- (the atmosphere and outer space as viewed from the earth),"{04968895} <noun.attribute> blue#1, blueness#1 -- (blue color or pigment, resembling the color of the clear sky in the daytime, ""he had eyes of bright blue"")","{09359803} <noun.object> mountain#1, mount#3 -- (a land mass that projects well above its surroundings, higher than a hill)",{15019030} <noun.substance> sand#1 -- (a loose material consisting of grains of rock or coral),,
Landscapess_162_h,Landscapes,desert,{09436708} <noun.object> sky#1 -- (the atmosphere and outer space as viewed from the earth),"{09359803} <noun.object> mountain#1, mount#3 -- (a land mass that projects well above its surroundings, higher than a hill)",{15019030} <noun.substance> sand#1 -- (a loose material consisting of grains of rock or coral),,,,
Landscapess_163_h,Landscapes,desert,"{04968895} <noun.attribute> blue#1, blueness#1 -- (blue color or pigment, resembling the color of the clear sky in the daytime, ""he had eyes of bright blue"")",{09436708} <noun.object> sky#1 -- (the atmosphere and outer space as viewed from the earth),{08505573} <noun.location> desert#1 -- (arid land with little or no vegetation),"{09359803} <noun.object> mountain#1, mount#3 -- (a land mass that projects well above its surroundings, higher than a hill)","{09416076} <noun.object> rock1#1, stone#1 -- (a lump or mass of hard consolidated mineral matter, ""he threw a rock at me"")",,
Landscapess_164_h,Landscapes,garden,{03417749} <noun.artifact> garden1#3 -- (a yard or lawn adjoining a house),"{08436759} <noun.group> vegetation#1, flora#1, botany#1 -- (all the plant life in a particular region or period, ""Pleistocene vegetation"", ""the flora of southern California"", ""the botany of China"")","{00375969} <adj.all> green#1, greenish#1, light-green#1, dark-green#1 -- (of the color between blue and yellow in the color spectrum, similar to the color of fresh grass, ""a green tree"", ""green fields"", ""green paint"")",{13112664} <noun.plant> shrub#1, bush#1 -- (a low woody perennial plant usually having several major stems),{09328904} <noun.object> lake#1 -- (a body of (usually fresh) water surrounded by land),"{13104059} <noun.plant> tree#1 -- (a tall perennial woody plant having a main trunk and branches forming a distinct elevated crown, includes both gymnosperms and angiosperms)",
Landscapess_165_h,Landscapes,mountains,{09436708} <noun.object> sky#1 -- (the atmosphere and outer space as viewed from the earth),"{04968895} <noun.attribute> blue#1, blueness#1 -- (blue color or pigment, resembling the color of the clear sky in the daytime, ""he had eyes of bright blue"")","{09225146} <noun.object> body of water#1, water#2 -- (the part of the earth's surface covered with water (such as a river or lake or ocean), ""they invaded our territorial waters"", ""they were sitting by the water's edge"")",{08505573} <noun.location> desert#1 -- (arid land with little or no vegetation),"{09359803} <noun.object> mountain#1, mount#3 -- (a land mass that projects well above its surroundings, higher than a hill)",,
Landscapess_166_h,Landscapes,desert,{08505573} <noun.location> desert#1 -- (arid land with little or no vegetation),"{09416076} <noun.object> rock1#1, stone#1 -- (a lump or mass of hard consolidated mineral matter, ""he threw a rock at me"")","{08436759} <noun.group> vegetation#1, flora#1, botany#1 -- (all the plant life in a particular region or period, ""Pleistocene vegetation"", ""the flora of southern California"", ""the botany of China"")",{09436708} <noun.object> sky#1 -- (the atmosphere and outer space as viewed from the earth),"{04968895} <noun.attribute> blue#1, blueness#1 -- (blue color or pigment, resembling the color of the clear sky in the daytime, ""he had eyes of bright blue"")",,
Landscapess_167_h,Landscapes,desert,{09436708} <noun.object> sky#1 -- (the atmosphere and outer space as viewed from the earth),"{04968895} <noun.attribute> blue#1, blueness#1 -- (blue color or pigment, resembling the color of the clear sky in the daytime, ""he had eyes of bright blue"")",{08505573} <noun.location> desert#1 -- (arid land with little or no vegetation),"{09359803} <noun.object> mountain#1, mount#3 -- (a land mass that projects well above its surroundings, higher than a hill)",,,
Landscapess_168_h,Landscapes,forest,{15043763} <noun.substance> snow#2 -- (a layer of snowflakes (white crystals of frozen water) covering the ground),{08438533} <noun.group> forest#1, wood#2, woods#1 -- (the trees and other plants in a large densely wooded area),"{13104059} <noun.plant> tree#1 -- (a tall perennial woody plant having a main trunk and branches forming a distinct elevated crown, includes both gymnosperms and angiosperms)",,,,
Landscapess_169_h,Landscapes,sea,{09217230} <noun.object> beach#1 -- (an area of sand sloping down to the water of a sea or lake),{09376198} <noun.object> ocean#1 -- (a large body of water constituting a principal part of the hydrosphere),{11439690} <noun.phenomenon> cloud1#1 -- (any collection of particles (e.g., smoke or dust) or gases that is visible),,,,
Landscapess_170_h,Landscapes,plants,{01397497} <noun.animal> seaweed#1 -- (plant growing in the sea, especially marine algae),{15019030} <noun.substance> sand#1 -- (a loose material consisting of grains of rock or coral),,,,,
Landscapess_171_v,Landscapes,leaves,{13152742} <noun.plant> leaf#1, leafage#1, foliage#1 -- (the main organ of photosynthesis and transpiration in higher plants),{13163250} <noun.plant> branch#2 -- (a division of a stem, or secondary stem arising from the main stem of a plant),"{04962784} <noun.attribute> red#1, redness#2 -- (red color or pigment, the chromatic color resembling the hue of blood)","{13104059} <noun.plant> tree#1 -- (a tall perennial woody plant having a main trunk and branches forming a distinct elevated crown, includes both gymnosperms and angiosperms)",,,
Landscapess_172_h,Landscapes,tree,"{13104059} <noun.plant> tree#1 -- (a tall perennial woody plant having a main trunk and branches forming a distinct elevated crown, includes both gymnosperms and angiosperms)",{09436708} <noun.object> sky#1 -- (the atmosphere and outer space as viewed from the earth),,,,,
Landscapess_173_h,Landscapes,rocks,"{13104059} <noun.plant> tree#1 -- (a tall perennial woody plant having a main trunk and branches forming a distinct elevated crown, includes both gymnosperms and angiosperms)","{09416076} <noun.object> rock1#1, stone#1 -- (a lump or mass of hard consolidated mineral matter, ""he threw a rock at me"")","{08436759} <noun.group> vegetation#1, flora#1, botany#1 -- (all the plant life in a particular region or period, ""Pleistocene vegetation"", ""the flora of southern California"", ""the botany of China"")",,,,
Landscapess_174_h,Landscapes,mountains,{09436708} <noun.object> sky#1 -- (the atmosphere and outer space as viewed from the earth),"{13104059} <noun.plant> tree#1 -- (a tall perennial woody plant having a main trunk and branches forming a distinct elevated crown, includes both gymnosperms and angiosperms)",{08438533} <noun.group> forest#1, wood#2, woods#1 -- (the trees and other plants in a large densely wooded area),"{09303008} <noun.object> hill#1 -- (a local and well-defined elevation of the land, ""they loved to roam the hills of West Virginia"")",,,
Landscapess_175_h,Landscapes,river,"{09411430} <noun.object> river#1 -- (a large natural stream of water (larger than a creek), ""the river was navigable for 50 miles"")","{08436759} <noun.group> vegetation#1, flora#1, botany#1 -- (all the plant life in a particular region or period, ""Pleistocene vegetation"", ""the flora of southern California"", ""the botany of China"")","{00375969} <adj.all> green#1, greenish#1, light-green#1, dark-green#1 -- (of the color between blue and yellow in the color spectrum, similar to the color of fresh grass, ""a green tree"", ""green fields"", ""green paint"")",{08438533} <noun.group> forest#1, wood#2, woods#1 -- (the trees and other plants in a large densely wooded area),"{13104059} <noun.plant> tree#1 -- (a tall perennial woody plant having a main trunk and branches forming a distinct elevated crown, includes both gymnosperms and angiosperms)",,
Landscapess_176_h,Landscapes,salt lake,{09328904} <noun.object> lake#1 -- (a body of (usually fresh) water surrounded by land),{15169248} <noun.time> sunset#1, sundown#1 -- (the time in the evening at which the sun begins to fall below the horizon),,,,,
Landscapess_177_h,Landscapes,fire,"{07302836} <noun.event> fire#1 -- (the event of something burning (often destructive), ""they lost everything in the fire"")",{08438533} <noun.group> forest#1, wood#2, woods#1 -- (the trees and other plants in a large densely wooded area),,,,,
Landscapess_178_h,Landscapes,beach,{12582231} <noun.plant> palm#3, palm tree#1 -- (any plant of the family Palmae having an unbranched trunk crowned by large pinnate or palmate leaves),{09217230} <noun.object> beach#1 -- (an area of sand sloping down to the water of a sea or lake),{15019030} <noun.substance> sand#1 -- (a loose material consisting of grains of rock or coral),{09376198} <noun.object> ocean#1 -- (a large body of water constituting a principal part of the hydrosphere),{02858304} <noun.artifact> boat#1 -- (a small vessel for travel on water),"{03001627} <noun.artifact> chair#1 -- (a seat for one person, with a support for the back, ""he put his coat over the back of the chair and sat down"")",
Landscapess_179_h,Landscapes,water lilies,"{11715810} <noun.plant> lotus1#3, white lotus#1, Egyptian water lily#1, white lily2#2, Nymphaea lotus#1 -- (white Egyptian lotus: water lily of Egypt to southeastern Africa, held sacred by the Egyptians)","{08436759} <noun.group> vegetation#1, flora#1, botany#1 -- (all the plant life in a particular region or period, ""Pleistocene vegetation"", ""the flora of southern California"", ""the botany of China"")","{14845743} <noun.substance> water#1, H2O#1 -- (binary compound that occurs at room temperature as a clear colorless odorless tasteless liquid, freezes into ice below 0 degrees centigrade and boils above 100 degrees centigrade, widely used as a solvent)",,,,
Landscapess_180_h,Landscapes,sea,"{09416076} <noun.object> rock1#1, stone#1 -- (a lump or mass of hard consolidated mineral matter, ""he threw a rock at me"")",{09376198} <noun.object> ocean#1 -- (a large body of water constituting a principal part of the hydrosphere),{09426788} <noun.object> sea#1 -- (a division of an ocean or a large body of salt water partially enclosed by land),"{08436759} <noun.group> vegetation#1, flora#1, botany#1 -- (all the plant life in a particular region or period, ""Pleistocene vegetation"", ""the flora of southern California"", ""the botany of China"")","{00375969} <adj.all> green#1, greenish#1, light-green#1, dark-green#1 -- (of the color between blue and yellow in the color spectrum, similar to the color of fresh grass, ""a green tree"", ""green fields"", ""green paint"")",,
Landscapess_181_h,Landscapes,water,"{14845743} <noun.substance> water#1, H2O#1 -- (binary compound that occurs at room temperature as a clear colorless odorless tasteless liquid, freezes into ice below 0 degrees centigrade and boils above 100 degrees centigrade, widely used as a solvent)","{14842992} <noun.substance> earth#2, ground#3 -- (the loose soft material that makes up a large part of the land surface, ""they dug into the earth outside the church"")",,,,,
Landscapess_182_v,Landscapes,plants,{00017222} <noun.Tops> plant#2, flora#2, plant life#1 -- ((botany) a living organism lacking the power of locomotion),"{00385756} <adj.all> yellow#1, yellowish#1, xanthous#1 -- (of the color intermediate between green and orange in the color spectrum, of something resembling the color of an egg yolk)","{09416076} <noun.object> rock1#1, stone#1 -- (a lump or mass of hard consolidated mineral matter, ""he threw a rock at me"")","{09359803} <noun.object> mountain#1, mount#3 -- (a land mass that projects well above its surroundings, higher than a hill)",,,
Landscapess_183_h,Landscapes,sea,{09428628} <noun.object> seaside#1, seaboard#1 -- (the shore of a sea or ocean regarded as a resort),{08438533} <noun.group> forest#1, wood#2, woods#1 -- (the trees and other plants in a large densely wooded area),{09426788} <noun.object> sea#1 -- (a division of an ocean or a large body of salt water partially enclosed by land),"{09225146} <noun.object> body of water#1, water#2 -- (the part of the earth's surface covered with water (such as a river or lake or ocean), ""they invaded our territorial waters"", ""they were sitting by the water's edge"")",,,
Landscapess_184_h,Landscapes,plants,{13163250} <noun.plant> branch#2 -- (a division of a stem, or secondary stem arising from the main stem of a plant),{13152742} <noun.plant> leaf#1, leafage#1, foliage#1 -- (the main organ of photosynthesis and transpiration in higher plants),"{00381097} <adj.all> red1#1, reddish#1, ruddy#2, blood-red#1, carmine#1, cerise#1, cherry#1, cherry-red#1, crimson#1, ruby#1, ruby-red#1, scarlet#1 -- (of a color at the end of the color spectrum (next to orange),",,,,
Landscapess_185_v,Landscapes,flowers,{08438533} <noun.group> forest#1, wood#2, woods#1 -- (the trees and other plants in a large densely wooded area),{11669921} <noun.plant> flower#1 -- (a plant cultivated for its blooms or blossoms),"{08436759} <noun.group> vegetation#1, flora#1, botany#1 -- (all the plant life in a particular region or period, ""Pleistocene vegetation"", ""the flora of southern California"", ""the botany of China"")",,,,
