Picture ID,Category,Description,WordNet_1,WordNet_2,WordNet_3,WordNet_4,WordNet_5,WordNet_6,WordNet_7,,,,,,,,,,,,,,
Faces_001_h,Faces,children with a dog,09771320,02064081,,,,,,,,,,,,,,,,,,,
Faces_002_v,Faces,woman with a dog,10626312,02064081,,,,,,,,,,,,,,,,,,,
Faces_003_h,Faces,children,09771320,,,,,,,,,,,,,,,,,,,,
Faces_004_h,Faces,baby crying,09682781,00065431,03404471,,,,,,,,,,,,,,,,,,
Faces_005_h,Faces,baby in incubator,09682781,03527931,,,,,,,,,,,,,,,,,,,
Faces_006_h,Faces,girl,09934281,,,,,,,,,,,,,,,,,,,,
Faces_007_h,Faces,amputee boy,09645967,10131706,07944757,,,,,,,,,,,,,,,,,,
Faces_008_h,Faces,child crying,09771320,00065431,14845903,,,,,,,,,,,,,,,,,,
Faces_009_h,Faces,hurting child,02101881,09771320,,,,,,,,,,,,,,,,,,,
Faces_010_h,Faces,child with burns,09771320,14098737,07944757,,,,,,,,,,,,,,,,,,
Faces_011_h,Faces,sick child,02624970,09771320,,,,,,,,,,,,,,,,,,,
Faces_012_v,Faces,sad girl,01412748,09934281,,,,,,,,,,,,,,,,,,,
Faces_013_h,Faces,child in a rescue sled,09771320,02526872,04185439,,,,,,,,,,,,,,,,,,
Faces_014_h,Faces,children,09771976,08113205,,,,,,,,,,,,,,,,,,,
Faces_015_h,Faces,children,09771976,,,,,,,,,,,,,,,,,,,,
Faces_016_h,Faces,armed children,00160892,09771320,,,,,,,,,,,,,,,,,,,
Faces_017_h,Faces,boy playing,10131706,02395028,,,,,,,,,,,,,,,,,,,
Faces_018_h,Faces,armed boys,00160892,10464570,,,,,,,,,,,,,,,,,,,
Faces_019_h,Faces,baby with cleft lip,09682781,01543546,05242431,,,,,,,,,,,,,,,,,,
Faces_020_h,Faces,child eating,09771320,01157345,,,,,,,,,,,,,,,,,,,
Faces_021_h,Faces,baby crying,09682781,00903733,,,,,,,,,,,,,,,,,,,
Faces_022_h,Faces,sad child,01412748,09771320,,,,,,,,,,,,,,,,,,,
Faces_023_h,Faces,child,09771320,01157345,03291974,,,,,,,,,,,,,,,,,,
Faces_024_h,Faces,child,09771320,,,,,,,,,,,,,,,,,,,,
Faces_025_h,Faces,baby in incubator,09682781,03527931,,,,,,,,,,,,,,,,,,,
Faces_026_h,Faces,boy,10131706,,,,,,,,,,,,,,,,,,,,
Faces_027_h,Faces,boy,10131706,,,,,,,,,,,,,,,,,,,,
Faces_028_h,Faces,wounded woman and a child,01367907,09771320,10626312,,,,,,,,,,,,,,,,,,
Faces_029_h,Faces,baby in incubator,09682781,03527931,,,,,,,,,,,,,,,,,,,
Faces_030_h,Faces,child,09771320,,,,,,,,,,,,,,,,,,,,
Faces_031_v,Faces,amputee girl,09645967,09934281,00065431,,,,,,,,,,,,,,,,,,
Faces_032_h,Faces,boy with a cigarette,10131706,03000687,,,,,,,,,,,,,,,,,,,
Faces_033_h,Faces,boys with crutches,10131706,03109655,,,,,,,,,,,,,,,,,,,
Faces_034_h,Faces,sick child,09771320,02624970,,,,,,,,,,,,,,,,,,,
Faces_035_h,Faces,child eating,09771320,01157345,,,,,,,,,,,,,,,,,,,
Faces_036_h,Faces,woman and a child,10626312,09771320,,,,,,,,,,,,,,,,,,,
Faces_037_h,Faces,boy crying,10131706,00065431,,,,,,,,,,,,,,,,,,,
Faces_038_h,Faces,boy with a gun,10131706,03430539,,,,,,,,,,,,,,,,,,,
Faces_039_h,Faces,sad girl,01412748,09934281,,,,,,,,,,,,,,,,,,,
Faces_040_h,Faces,child,09771320,,,,,,,,,,,,,,,,,,,,
Faces_041_h,Faces,child in a hospital,09771320,07944757,,,,,,,,,,,,,,,,,,,
Faces_042_h,Faces,boy smiling,10131706,00386156,,,,,,,,,,,,,,,,,,,
Faces_043_v,Faces,girl having a massage,09934281,00118780,00651141,,,,,,,,,,,,,,,,,,
Faces_044_h,Faces,girl,09934281,,,,,,,,,,,,,,,,,,,,
Faces_045_h,Faces,girl,09934281,,,,,,,,,,,,,,,,,,,,
Faces_046_h,Faces,girls eating,09934281,01157345,,,,,,,,,,,,,,,,,,,
Faces_047_h,Faces,boy,10131706,,,,,,,,,,,,,,,,,,,,
Faces_048_h,Faces,boys,10131706,,,,,,,,,,,,,,,,,,,,
Faces_049_h,Faces,girl,09934281,,,,,,,,,,,,,,,,,,,,
Faces_050_h,Faces,children playing,09771320,02395028,,,,,,,,,,,,,,,,,,,
Faces_051_h,Faces,boy on a bike,10131706,03748597,,,,,,,,,,,,,,,,,,,
Faces_052_h,Faces,girl sleeping,09934281,00014762,,,,,,,,,,,,,,,,,,,
Faces_053_h,Faces,children,09771320,,,,,,,,,,,,,,,,,,,,
Faces_054_v,Faces,girl,09934281,,,,,,,,,,,,,,,,,,,,
Faces_055_h,Faces,girl,09934281,,,,,,,,,,,,,,,,,,,,
Faces_056_h,Faces,boy,10131706,,,,,,,,,,,,,,,,,,,,
Faces_057_h,Faces,boy,10131706,,,,,,,,,,,,,,,,,,,,
Faces_058_h,Faces,girl,09934281,,,,,,,,,,,,,,,,,,,,
Faces_059_h,Faces,girl,09934281,,,,,,,,,,,,,,,,,,,,
Faces_060_h,Faces,family,07968033,,,,,,,,,,,,,,,,,,,,
Faces_061_h,Faces,baby sleeping,09682781,00014762,,,,,,,,,,,,,,,,,,,
Faces_062_v,Faces,girl,09979060,,,,,,,,,,,,,,,,,,,,
Faces_063_v,Faces,child eating,09771320,01157345,,,,,,,,,,,,,,,,,,,
Faces_064_h,Faces,woman and girls,10626312,09934281,,,,,,,,,,,,,,,,,,,
Faces_065_h,Faces,girl,10626312,,,,,,,,,,,,,,,,,,,,
Faces_066_h,Faces,child playing,09771320,02395028,04464005,,,,,,,,,,,,,,,,,,
Faces_067_h,Faces,baby,09682781,,,,,,,,,,,,,,,,,,,,
Faces_068_h,Faces,children,09771320,10404849,,,,,,,,,,,,,,,,,,,
Faces_069_h,Faces,boy,10131706,,,,,,,,,,,,,,,,,,,,
Faces_070_v,Faces,child,09771320,,,,,,,,,,,,,,,,,,,,
Faces_071_v,Faces,boy,10131706,11975888,,,,,,,,,,,,,,,,,,,
Faces_072_h,Faces,boy,10131706,,,,,,,,,,,,,,,,,,,,
Faces_073_v,Faces,child,09771320,,,,,,,,,,,,,,,,,,,,
Faces_074_h,Faces,woman and a girl,10626312,09934281,,,,,,,,,,,,,,,,,,,
Faces_075_v,Faces,girl,09934281,00751461,,,,,,,,,,,,,,,,,,,
Faces_076_h,Faces,girl playing,09934281,02756004,02395028,,,,,,,,,,,,,,,,,,
Faces_077_v,Faces,girl drinking,09934281,01158929,,,,,,,,,,,,,,,,,,,
Faces_078_h,Faces,girl,09934281,,,,,,,,,,,,,,,,,,,,
Faces_079_h,Faces,mother and child,10178093,09771320,09682781,,,,,,,,,,,,,,,,,,
Faces_080_h,Faces,woman and children,10626312,09771320,03352246,,,,,,,,,,,,,,,,,,
Faces_081_v,Faces,children smiling,09771320,00028498,,,,,,,,,,,,,,,,,,,
Faces_082_v,Faces,child playing,09771320,02395028,,,,,,,,,,,,,,,,,,,
Faces_083_h,Faces,child,09771320,01157345,,,,,,,,,,,,,,,,,,,
Faces_084_v,Faces,woman and a child,10626312,09771320,,,,,,,,,,,,,,,,,,,
Faces_085_h,Faces,baby,09682781,,,,,,,,,,,,,,,,,,,,
Faces_086_v,Faces,baby,09682781,,,,,,,,,,,,,,,,,,,,
Faces_087_h,Faces,girl,09934281,,,,,,,,,,,,,,,,,,,,
Faces_088_v,Faces,children playing,09934281,02395028,00028498,,,,,,,,,,,,,,,,,,
Faces_089_h,Faces,mother and child,10178093,09771320,,,,,,,,,,,,,,,,,,,
Faces_090_v,Faces,children smiling,09771320,00028498,,,,,,,,,,,,,,,,,,,
Faces_091_v,Faces,parents with a child,10244202,09934281,,,,,,,,,,,,,,,,,,,
Faces_092_h,Faces,family on the beach,07968033,09085057,,,,,,,,,,,,,,,,,,,
Faces_093_v,Faces,man and a girl,10133569,09934281,10133569,03748597,,,,,,,,,,,,,,,,,
Faces_094_h,Faces,woman and a girl,10626312,09934281,07524474,,,,,,,,,,,,,,,,,,
Faces_095_h,Faces,girl eating,09934281,01157345,,,,,,,,,,,,,,,,,,,
Faces_096_h,Faces,boy smiling,10131706,00028498,,,,,,,,,,,,,,,,,,,
Faces_097_v,Faces,boy smiling,10131706,00028498,,,,,,,,,,,,,,,,,,,
Faces_098_h,Faces,girl,09934281,07510835,,,,,,,,,,,,,,,,,,,
Faces_099_h,Faces,boy,10131706,02395028,,,,,,,,,,,,,,,,,,,
Faces_100_h,Faces,boys smiling,10131706,00028498,,,,,,,,,,,,,,,,,,,
Faces_101_h,Faces,children,09771976,00028498,,,,,,,,,,,,,,,,,,,
Faces_102_h,Faces,boy,10131706,10394963,,,,,,,,,,,,,,,,,,,
Faces_103_h,Faces,men smiling,10133569,00028498,,,,,,,,,,,,,,,,,,,
Faces_104_h,Faces,girl smiling,09934281,00028498,,,,,,,,,,,,,,,,,,,
Faces_105_h,Faces,boy playing,10131706,01062243,00028498,,,,,,,,,,,,,,,,,,
Faces_106_h,Faces,man and a girl smiling,10133569,00028498,09934281,,,,,,,,,,,,,,,,,,
Faces_107_h,Faces,man and a boy smiling,10133569,00028498,10131706,,,,,,,,,,,,,,,,,,
Faces_108_h,Faces,children in swimming pool,09771320,04319445,02395028,,,,,,,,,,,,,,,,,,
Faces_109_v,Faces,child smiling,09771320,00028498,15050868,,,,,,,,,,,,,,,,,,
Faces_110_h,Faces,girls smiling,09934281,00028498,,,,,,,,,,,,,,,,,,,
Faces_111_h,Faces,girl,09934281,,,,,,,,,,,,,,,,,,,,
Faces_112_h,Faces,girls,09934281,,,,,,,,,,,,,,,,,,,,
Faces_113_h,Faces,boy playing,10131706,02395028,01912958,,,,,,,,,,,,,,,,,,
Faces_114_h,Faces,baby,09682781,09682781,,,,,,,,,,,,,,,,,,,
Faces_115_h,Faces,boy smiling,10131706,00028498,,,,,,,,,,,,,,,,,,,
Faces_116_h,Faces,girl smiling,09934281,00028498,,,,,,,,,,,,,,,,,,,
Faces_117_h,Faces,boys smiling,10131706,00028498,,,,,,,,,,,,,,,,,,,
Faces_118_h,Faces,children playing,10131706,02395028,,,,,,,,,,,,,,,,,,,
Faces_119_v,Faces,girl,09934281,,,,,,,,,,,,,,,,,,,,
Faces_120_h,Faces,boy smiling,10131706,00028498,,,,,,,,,,,,,,,,,,,
Faces_121_h,Faces,mother and child,10178093,10131706,,,,,,,,,,,,,,,,,,,
Faces_122_h,Faces,girl playing,09934281,02395028,00028498,,,,,,,,,,,,,,,,,,
Faces_123_h,Faces,boy playing,10131706,02395028,14821424,,,,,,,,,,,,,,,,,,
Faces_124_h,Faces,girls playing,09934281,02395028,14821424,,,,,,,,,,,,,,,,,,
Faces_125_h,Faces,girl,09934281,04102246,,,,,,,,,,,,,,,,,,,
Faces_126_h,Faces,girl,09934281,12965125,,,,,,,,,,,,,,,,,,,
Faces_127_h,Faces,girls smiling,09934281,00028498,,,,,,,,,,,,,,,,,,,
Faces_128_h,Faces,children,09771320,,,,,,,,,,,,,,,,,,,,
Faces_129_h,Faces,children,09771320,,,,,,,,,,,,,,,,,,,,
Faces_130_h,Faces,woman and child,10626312,09771320,10178093,09682781,,,,,,,,,,,,,,,,,
Faces_131_v,Faces,boy smiling,10131706,00028498,,,,,,,,,,,,,,,,,,,
Faces_132_h,Faces,boy on a slide,10131706,04188260,,,,,,,,,,,,,,,,,,,
Faces_133_h,Faces,boy in swimming pool,10131706,04319445,,,,,,,,,,,,,,,,,,,
Faces_134_h,Faces,children in swimming pool,10131706,04319445,00028498,,,,,,,,,,,,,,,,,,
Faces_135_h,Faces,boy smiling,10131706,00028498,,,,,,,,,,,,,,,,,,,
Faces_136_v,Faces,boys smiling,10131706,00028498,,,,,,,,,,,,,,,,,,,
Faces_137_h,Faces,boy in swimming pool,10131706,04319445,,,,,,,,,,,,,,,,,,,
Faces_138_h,Faces,woman and child,10626312,10131706,,,,,,,,,,,,,,,,,,,
Faces_139_v,Faces,children smiling,09771320,00028498,02807541,,,,,,,,,,,,,,,,,,
Faces_140_h,Faces,grandparents and children,09992229,09771320,09682781,,,,,,,,,,,,,,,,,,
Faces_141_v,Faces,children playing,09771320,02395028,00254018,,,,,,,,,,,,,,,,,,
Faces_142_h,Faces,sad woman,10626312,10626312,,,,,,,,,,,,,,,,,,,
Faces_143_v,Faces,mutilated face,01368227,05531141,,,,,,,,,,,,,,,,,,,
Faces_144_h,Faces,man,10133569,,,,,,,,,,,,,,,,,,,,
Faces_145_v,Faces,mutilated face,01368227,05531141,,,,,,,,,,,,,,,,,,,
Faces_146_h,Faces,sick man,02624970,10133569,,,,,,,,,,,,,,,,,,,
Faces_147_v,Faces,mutilated face,01368227,05531141,,,,,,,,,,,,,,,,,,,
Faces_148_h,Faces,homeless men,01091179,10133569,01187014,,,,,,,,,,,,,,,,,,
Faces_149_v,Faces,mutilated face,01368227,05531141,10626312,,,,,,,,,,,,,,,,,,
Faces_150_h,Faces,sick man,02624970,10133569,,,,,,,,,,,,,,,,,,,
Faces_151_v,Faces,mutilated face,01368227,05531141,10626312,,,,,,,,,,,,,,,,,,
Faces_152_h,Faces,mutilated face,01368227,05531141,10626312,,,,,,,,,,,,,,,,,,
Faces_153_v,Faces,mutilated face,01368227,05531141,10626312,,,,,,,,,,,,,,,,,,
Faces_154_h,Faces,boy,10131706,,,,,,,,,,,,,,,,,,,,
Faces_155_h,Faces,girl crying,09934281,00065431,,,,,,,,,,,,,,,,,,,
Faces_156_h,Faces,man,10133569,,,,,,,,,,,,,,,,,,,,
Faces_157_h,Faces,sad man,01412748,10133569,,,,,,,,,,,,,,,,,,,
Faces_158_h,Faces,sad man,01412748,10133569,,,,,,,,,,,,,,,,,,,
Faces_159_h,Faces,mutilated face,01368227,05531141,,,,,,,,,,,,,,,,,,,
Faces_160_v,Faces,woman,10626312,,,,,,,,,,,,,,,,,,,,
Faces_161_h,Faces,woman smoking,10626312,01187014,,,,,,,,,,,,,,,,,,,
Faces_162_h,Faces,sad couple,01412748,07880610,,,,,,,,,,,,,,,,,,,
Faces_163_h,Faces,men,10133569,00979439,,,,,,,,,,,,,,,,,,,
Faces_164_h,Faces,crying woman and child,00065431,10626312,09771320,,,,,,,,,,,,,,,,,,
Faces_165_v,Faces,elderly man,10133569,01703749,,,,,,,,,,,,,,,,,,,
Faces_166_h,Faces,sad man,10133569,01412748,,,,,,,,,,,,,,,,,,,
Faces_167_v,Faces,man,10133569,00800347,,,,,,,,,,,,,,,,,,,
Faces_168_h,Faces,man,10133569,05261566,,,,,,,,,,,,,,,,,,,
Faces_169_v,Faces,man smoking,10133569,00834636,,,,,,,,,,,,,,,,,,,
Faces_170_h,Faces,wounded man,10287213,04272054,05399847,,,,,,,,,,,,,,,,,,
Faces_171_v,Faces,elderly man,10287213,07943870,05261566,,,,,,,,,,,,,,,,,,
Faces_172_h,Faces,elderly man,10287213,07943870,02849154,,,,,,,,,,,,,,,,,,
Faces_173_v,Faces,hurting man,00913065,05538625,,,,,,,,,,,,,,,,,,,
Faces_174_h,Faces,mutilated face,05600637,07950786,14318714,,,,,,,,,,,,,,,,,,
Faces_175_v,Faces,woman crying,10787470,05405324,00066191,,,,,,,,,,,,,,,,,,
Faces_176_h,Faces,elderly woman,10787470,07943870,,,,,,,,,,,,,,,,,,,
Faces_177_v,Faces,masked man,10287213,08209687,03724870,,,,,,,,,,,,,,,,,,
Faces_178_h,Faces,elderly woman,10787470,07943870,,,,,,,,,,,,,,,,,,,
Faces_179_v,Faces,woman,10787470,04272054,,,,,,,,,,,,,,,,,,,
Faces_180_h,Faces,woman,10787470,04356056,,,,,,,,,,,,,,,,,,,
Faces_181_v,Faces,elderly woman,10787470,07943870,,,,,,,,,,,,,,,,,,,
Faces_182_h,Faces,elderly man,10287213,07943870,,,,,,,,,,,,,,,,,,,
Faces_183_v,Faces,man,10287213,05262185,,,,,,,,,,,,,,,,,,,
Faces_184_h,Faces,woman,10787470,04356056,04256520,,,,,,,,,,,,,,,,,,
Faces_185_v,Faces,man,10287213,04350905,,,,,,,,,,,,,,,,,,,
Faces_186_h,Faces,woman,10787470,04272054,,,,,,,,,,,,,,,,,,,
Faces_187_v,Faces,man,10287213,04350905,,,,,,,,,,,,,,,,,,,
Faces_188_h,Faces,woman,10787470,03520493,,,,,,,,,,,,,,,,,,,
Faces_189_v,Faces,man,10287213,05261566,,,,,,,,,,,,,,,,,,,
Faces_190_h,Faces,man,10287213,05261566,,,,,,,,,,,,,,,,,,,
Faces_191_v,Faces,man,10287213,05261566,,,,,,,,,,,,,,,,,,,
Faces_192_h,Faces,man,10287213,04272054,,,,,,,,,,,,,,,,,,,
Faces_193_v,Faces,priest,10287213,03041964,,,,,,,,,,,,,,,,,,,
Faces_194_h,Faces,man,10287213,04272054,,,,,,,,,,,,,,,,,,,
Faces_195_v,Faces,elderly woman,10787470,07943870,04370048,,,,,,,,,,,,,,,,,,
Faces_196_h,Faces,man,10287213,03419014,04370048,,,,,,,,,,,,,,,,,,
Faces_197_v,Faces,woman,10787470,04459362,,,,,,,,,,,,,,,,,,,
Faces_198_h,Faces,woman,10787470,13152742,,,,,,,,,,,,,,,,,,,
Faces_199_v,Faces,elderly man,07943870,10287213,04272054,,,,,,,,,,,,,,,,,,
Faces_200_h,Faces,man,10287213,03497657,04356056,04587648,00877127,,,,,,,,,,,,,,,,
Faces_201_v,Faces,priest,10287213,01643620,10470779,03759954,07129867,,,,,,,,,,,,,,,,
Faces_202_v,Faces,man,10287213,05600637,04459362,04356056,,,,,,,,,,,,,,,,,
Faces_203_h,Faces,elderly man,01643620,10287213,00838367,07614500,04272054,,,,,,,,,,,,,,,,
Faces_204_v,Faces,man,10287213,04356056,05600637,,,,,,,,,,,,,,,,,,
Faces_205_h,Faces,elderly woman,01643620,10787470,05600637,04272054,,,,,,,,,,,,,,,,,
Faces_206_v,Faces,woman,10787470,05600637,,,,,,,,,,,,,,,,,,,
Faces_207_h,Faces,elderly woman,01643620,10787470,05600637,07942152,07975026,,,,,,,,,,,,,,,,
Faces_208_h,Faces,elderly man,01643620,10287213,15043763,15237782,05600637,07942152,,,,,,,,,,,,,,,
Faces_209_h,Faces,elderly woman,01643620,10787470,05600637,,,,,,,,,,,,,,,,,,
Faces_210_h,Faces,man,10287213,05600637,03221720,03542333,,,,,,,,,,,,,,,,,
Faces_211_h,Faces,man smiling,10287213,06878071,02858304,10093658,,,,,,,,,,,,,,,,,
Faces_212_h,Faces,man,10287213,02858304,09225146,09376198,09436708,00370869,,,,,,,,,,,,,,,
Faces_213_v,Faces,men,10287213,10285313,00344421,00417859,04356056,04334599,,,,,,,,,,,,,,,
Faces_214_h,Faces,elderly woman,01643620,10787470,02777734,,,,,,,,,,,,,,,,,,
Faces_215_v,Faces,woman,10787470,00344259,04272054,,,,,,,,,,,,,,,,,,
Faces_216_h,Faces,man,10287213,04272054,05600637,,,,,,,,,,,,,,,,,,
Faces_217_v,Faces,elderly man,01643620,10287213,00834636,03945167,,,,,,,,,,,,,,,,,
Faces_218_h,Faces,woman,10787470,04356056,00283568,,,,,,,,,,,,,,,,,,
Faces_219_v,Faces,elderly man,01643620,10287213,04356056,03497657,00041188,00488225,,,,,,,,,,,,,,,
Faces_220_h,Faces,woman,10787470,04272054,05600637,,,,,,,,,,,,,,,,,,
Faces_221_v,Faces,man,10287213,05600637,13900422,,,,,,,,,,,,,,,,,,
Faces_222_h,Faces,elderly woman,01643620,01643620,04272054,00344259,02828884,00375969,,,,,,,,,,,,,,,
Faces_223_v,Faces,woman,10787470,05600637,,,,,,,,,,,,,,,,,,,
Faces_224_h,Faces,elderly woman,01643620,10787470,02774152,00385756,03236735,08436759,00375969,,,,,,,,,,,,,,
Faces_225_v,Faces,man smiling,10285313,06878071,03201776,,,,,,,,,,,,,,,,,,
Faces_226_h,Faces,man smiling,10287213,06878071,05261566,,,,,,,,,,,,,,,,,,
Faces_227_v,Faces,woman smiling,10787470,06878071,00381097,03057021,,,,,,,,,,,,,,,,,
Faces_228_h,Faces,elderly woman,01643620,10787470,03497657,00843128,07929519,,,,,,,,,,,,,,,,
Faces_229_v,Faces,man,10287213,05600637,04141975,,,,,,,,,,,,,,,,,,
Faces_230_h,Faces,elderly man,01643620,10287213,03497657,05261566,00389310,,,,,,,,,,,,,,,,
Faces_231_v,Faces,woman smiling,10787470,06878071,04370048,03589791,05600637,,,,,,,,,,,,,,,,
Faces_232_h,Faces,women smiling,10787470,06878071,02879087,04272054,05600637,,,,,,,,,,,,,,,,
Faces_233_v,Faces,woman,10787470,04356056,04143897,04334599,07942152,05600637,,,,,,,,,,,,,,,
Faces_234_h,Faces,dancing people,07942152,00428270,00545501,08615374,00375969,12102133,,,,,,,,,,,,,,,
Faces_235_v,Faces,woman smiling,10787470,06878071,08615374,05600637,,,,,,,,,,,,,,,,,
Faces_236_h,Faces,woman smiling,10787470,06878071,03236735,00385756,00810598,00021265,,,,,,,,,,,,,,,
Faces_237_v,Faces,woman smiling,10787470,06878071,03814906,05600637,05600637,,,,,,,,,,,,,,,,
Faces_238_h,Faces,man smiling,10287213,06878071,03513376,05600637,,,,,,,,,,,,,,,,,
Faces_239_v,Faces,woman smiling,10626312,06785681,,,,,,,,,,,,,,,,,,,
Faces_240_h,Faces,woman smiling,10626312,06785681,00433458,,,,,,,,,,,,,,,,,,
Faces_241_v,Faces,man,10287213,06785681,,,,,,,,,,,,,,,,,,,
Faces_242_h,Faces,man and woman smiling,10287213,10626312,06785681,,,,,,,,,,,,,,,,,,
Faces_243_v,Faces,elderly woman,10787470,01643620,04272054,,,,,,,,,,,,,,,,,,
Faces_244_h,Faces,elderly woman,10787470,06878071,01643620,03497657,,,,,,,,,,,,,,,,,
Faces_245_v,Faces,man singing,10287213,01731031,,,,,,,,,,,,,,,,,,,
Faces_246_v,Faces,man smiling,10285313,06878071,,,,,,,,,,,,,,,,,,,
Faces_247_h,Faces,woman smiling,10787470,06878071,01643620,,,,,,,,,,,,,,,,,,
Faces_248_v,Faces,girl,10129825,,,,,,,,,,,,,,,,,,,,
Faces_249_v,Faces,Buddhist monk,10287213,10112129,,,,,,,,,,,,,,,,,,,
Faces_250_h,Faces,woman,10626312,,,,,,,,,,,,,,,,,,,,
Faces_251_v,Faces,man,10133569,06785681,,,,,,,,,,,,,,,,,,,
Faces_252_h,Faces,woman smiling,10626312,06785681,,,,,,,,,,,,,,,,,,,
Faces_253_v,Faces,woman smiling,10626312,06785681,09291365,,,,,,,,,,,,,,,,,,
Faces_254_h,Faces,woman,10626312,06785681,,,,,,,,,,,,,,,,,,,
Faces_255_v,Faces,elderly man,01703749,10133569,,,,,,,,,,,,,,,,,,,
Faces_256_h,Faces,elderly woman,01703749,10626312,,,,,,,,,,,,,,,,,,,
Faces_257_v,Faces,woman smiling,10626312,06785681,,,,,,,,,,,,,,,,,,,
Faces_258_h,Faces,men smiling,10133569,06785681,04319445,,,,,,,,,,,,,,,,,,
Faces_259_v,Faces,mother and child,10178093,09771320,,,,,,,,,,,,,,,,,,,
Faces_260_h,Faces,elderly man,01703749,10133569,02389840,,,,,,,,,,,,,,,,,,
Faces_261_v,Faces,woman smiling,10626312,06785681,,,,,,,,,,,,,,,,,,,
Faces_262_h,Faces,elderly woman,01703749,10626312,,,,,,,,,,,,,,,,,,,
Faces_263_v,Faces,woman smiling,10626312,06785681,,,,,,,,,,,,,,,,,,,
Faces_264_h,Faces,butcher woman,09738415,10626312,,,,,,,,,,,,,,,,,,,
Faces_265_h,Faces,butcher,09738415,10133569,,,,,,,,,,,,,,,,,,,
Faces_266_h,Faces,butcher,09738415,10133569,,,,,,,,,,,,,,,,,,,
Faces_267_v,Faces,cook,09815502,04455810,,,,,,,,,,,,,,,,,,,
Faces_268_h,Faces,butcher woman,09738415,10626312,,,,,,,,,,,,,,,,,,,
Faces_269_v,Faces,soldier,10462567,03430539,,,,,,,,,,,,,,,,,,,
Faces_270_h,Faces,man with a gun,10133569,03430539,,,,,,,,,,,,,,,,,,,
Faces_271_h,Faces,men with guns,10133569,03430539,,,,,,,,,,,,,,,,,,,
Faces_272_h,Faces,masked men with guns,01346090,10133569,03430539,,,,,,,,,,,,,,,,,,
Faces_273_h,Faces,man with guns,10133569,03430539,,,,,,,,,,,,,,,,,,,
Faces_274_h,Faces,man with guns,10133569,03430539,,,,,,,,,,,,,,,,,,,
Faces_275_h,Faces,elderly man,01703749,10133569,,,,,,,,,,,,,,,,,,,
Faces_276_h,Faces,women,10787470,07975026,,,,,,,,,,,,,,,,,,,
Faces_277_h,Faces,box fighters,00433458,09939313,,,,,,,,,,,,,,,,,,,
Faces_278_h,Faces,woman and man,10787470,10287213,,,,,,,,,,,,,,,,,,,
Faces_279_h,Faces,sad people,07942152,10787470,10287213,00066191,,,,,,,,,,,,,,,,,
Faces_280_h,Faces,box fighters,00433458,09939313,05399847,,,,,,,,,,,,,,,,,,
Faces_281_h,Faces,hurting woman,14322699,10787470,,,,,,,,,,,,,,,,,,,
Faces_282_h,Faces,football players,00468480,00523513,10439851,08208560,,,,,,,,,,,,,,,,,
Faces_283_h,Faces,elderly woman crying,07943870,10787470,00066191,,,,,,,,,,,,,,,,,,
Faces_284_h,Faces,crippled man,10287213,09978889,,,,,,,,,,,,,,,,,,,
Faces_285_h,Faces,homeless woman,10182190,10787470,,,,,,,,,,,,,,,,,,,
Faces_286_h,Faces,judo fighters,10287213,00825773,,,,,,,,,,,,,,,,,,,
Faces_287_h,Faces,football player,10287213,,,,,,,,,,,,,,,,,,,,
Faces_288_h,Faces,woman,10787470,02818832,,,,,,,,,,,,,,,,,,,
Faces_289_h,Faces,elderly man,10287213,11508382,15043763,,,,,,,,,,,,,,,,,,
Faces_290_h,Faces,homeless man,10287213,05261566,10182190,,,,,,,,,,,,,,,,,,
Faces_291_h,Faces,police arresting someone,08209687,01215137,,,,,,,,,,,,,,,,,,,
Faces_292_h,Faces,man,10287213,09189411,,,,,,,,,,,,,,,,,,,
Faces_293_h,Faces,police arresting someone,08209687,01215137,,,,,,,,,,,,,,,,,,,
Faces_294_h,Faces,wounded man,10287213,03540595,,,,,,,,,,,,,,,,,,,
Faces_295_h,Faces,judo fighters,10287213,00825773,,,,,,,,,,,,,,,,,,,
Faces_296_h,Faces,man smoking,10287213,01198101,,,,,,,,,,,,,,,,,,,
Faces_297_h,Faces,judo fighters,10287213,00825773,07123012,,,,,,,,,,,,,,,,,,
Faces_298_h,Faces,fighter,10287213,05538625,05399847,,,,,,,,,,,,,,,,,,
Faces_299_h,Faces,box fighters,10287213,00433458,,,,,,,,,,,,,,,,,,,
Faces_300_h,Faces,elderly man,07943870,10287213,05015117,,,,,,,,,,,,,,,,,,
Faces_301_h,Faces,man and woman,10787470,10287213,,,,,,,,,,,,,,,,,,,
Faces_302_h,Faces,homeless man,02022953,10287213,,,,,,,,,,,,,,,,,,,
Faces_303_h,Faces,beggar woman,01049462,02022953,10787470,,,,,,,,,,,,,,,,,,
Faces_304_h,Faces,men in the water,10287213,09225146,,,,,,,,,,,,,,,,,,,
Faces_305_h,Faces,woman,10787470,02773037,,,,,,,,,,,,,,,,,,,
Faces_306_v,Faces,couple,07988857,10287213,10787470,,,,,,,,,,,,,,,,,,
Faces_307_v,Faces,couple,07988857,10287213,10787470,,,,,,,,,,,,,,,,,,
Faces_308_h,Faces,men,10287213,07985223,,,,,,,,,,,,,,,,,,,
Faces_309_h,Faces,men,10287213,07985223,,,,,,,,,,,,,,,,,,,
Faces_310_v,Faces,woman,10787470,00021265,07695965,,,,,,,,,,,,,,,,,,
Faces_311_h,Faces,elderly woman,07943870,10787470,,,,,,,,,,,,,,,,,,,
Faces_312_h,Faces,man,10287213,02858304,,,,,,,,,,,,,,,,,,,
Faces_313_h,Faces,boys playing,10287213,10285313,00480993,,,,,,,,,,,,,,,,,,
Faces_314_h,Faces,man skateboarding,04051549,04225729,10287213,,,,,,,,,,,,,,,,,,
Faces_315_h,Faces,elderly couple,07943870,07985628,15155220,,,,,,,,,,,,,,,,,,
Faces_316_h,Faces,man jogging,10287213,00628390,02800213,,,,,,,,,,,,,,,,,,
Faces_317_v,Faces,woman,01644225,10787470,03236735,,,,,,,,,,,,,,,,,,
Faces_318_v,Faces,couple,07988857,01646941,,,,,,,,,,,,,,,,,,,
Faces_319_v,Faces,man and woman,07943870,10787470,10287213,01449564,,,,,,,,,,,,,,,,,
Faces_320_v,Faces,elderly woman,07943870,10787470,03456665,,,,,,,,,,,,,,,,,,
Faces_321_h,Faces,football players,00468480,08208560,10439851,,,,,,,,,,,,,,,,,,
Faces_322_v,Faces,woman smiling,10787470,00021265,00028565,,,,,,,,,,,,,,,,,,
Faces_323_h,Faces,men smiling,07942152,07975026,06878071,,,,,,,,,,,,,,,,,,
Faces_324_h,Faces,woman smiling,07985628,06878071,02858304,09376198,09225146,,,,,,,,,,,,,,,,
Faces_325_v,Faces,man smiling,10287213,06878071,01677366,,,,,,,,,,,,,,,,,,
Faces_326_h,Faces,man jogging,10287213,00628390,13104059,08615374,,,,,,,,,,,,,,,,,
Faces_327_v,Faces,couple,07985628,06878071,08615374,,,,,,,,,,,,,,,,,,
Faces_328_v,Faces,couple,07985628,06878071,04334599,,,,,,,,,,,,,,,,,,
Faces_329_h,Faces,man jogging,10287213,00628390,,,,,,,,,,,,,,,,,,,
Faces_330_v,Faces,people showering,07942152,00035259,,,,,,,,,,,,,,,,,,,
Faces_331_h,Faces,men,10287213,00344259,03327234,,,,,,,,,,,,,,,,,,
Faces_332_v,Faces,man exercising,10287213,00624738,08438533,03417749,03327234,00375969,,,,,,,,,,,,,,,
Faces_333_h,Faces,woman smiling,10787470,06878071,08436759,00375969,,,,,,,,,,,,,,,,,
Faces_334_h,Faces,woman smiling,10787470,06878071,07942152,,,,,,,,,,,,,,,,,,
Faces_335_h,Faces,couple,07985628,00283568,,,,,,,,,,,,,,,,,,,
Faces_336_h,Faces,men,08212347,04350905,15155220,,,,,,,,,,,,,,,,,,
Faces_337_h,Faces,man smiling,02942699,10287213,06878071,,,,,,,,,,,,,,,,,,
Faces_338_h,Faces,men smiling,10287213,06878071,04334599,,,,,,,,,,,,,,,,,,
Faces_339_h,Faces,woman and man,10787470,06878071,02942699,,,,,,,,,,,,,,,,,,
Faces_340_h,Faces,woman showering,10129825,02264601,03982060,03814906,,,,,,,,,,,,,,,,,
Faces_341_h,Faces,elderly people,07943870,07988857,07975026,,,,,,,,,,,,,,,,,,
Faces_342_h,Faces,woman smiling,10787470,06878071,10287213,15043763,04231693,09359803,,,,,,,,,,,,,,,
Faces_343_h,Faces,man,10287213,04143897,00026385,,,,,,,,,,,,,,,,,,
Faces_344_h,Faces,elderly women,07943870,10787470,04726724,,,,,,,,,,,,,,,,,,
Faces_345_h,Faces,men smiling,10287213,06878071,,,,,,,,,,,,,,,,,,,
Faces_346_v,Faces,couple smiling,07988857,08615149,01904930,,,,,,,,,,,,,,,,,,
Faces_347_h,Faces,people smiling,07942152,06878071,00429949,,,,,,,,,,,,,,,,,,
Faces_348_h,Faces,man swimming,10287213,01960911,03982060,,,,,,,,,,,,,,,,,,
Faces_349_h,Faces,people smiling,07942152,06878071,,,,,,,,,,,,,,,,,,,
Faces_350_h,Faces,people smiling,10787470,07942152,00028565,00026385,,,,,,,,,,,,,,,,,
Faces_351_h,Faces,elderly women,15250178,10787470,02937469,02948072,,,,,,,,,,,,,,,,,
Faces_352_h,Faces,people in the swimming pool,04371225,07942152,00429949,,,,,,,,,,,,,,,,,,
Faces_353_h,Faces,woman singing,10787470,01731031,03759954,,,,,,,,,,,,,,,,,,
Faces_354_v,Faces,woman smiling,10787470,03236735,03327234,,,,,,,,,,,,,,,,,,
Faces_355_h,Faces,elderly couple,07988857,10048218,07886849,,,,,,,,,,,,,,,,,,
Faces_356_h,Faces,couple smiling,10287213,10787470,07985628,06878071,00417859,,,,,,,,,,,,,,,,
Faces_357_v,Faces,cello player,02992211,07020895,10287213,,,,,,,,,,,,,,,,,,
Faces_358_h,Faces,man with children smiling,10287213,09917593,05600637,06878071,,,,,,,,,,,,,,,,,
Faces_359_h,Faces,people celebrating,00212173,04356056,06878071,07020538,,,,,,,,,,,,,,,,,
Faces_360_v,Faces,people smiling,02156686,04143897,,,,,,,,,,,,,,,,,,,
Faces_361_v,Faces,people dancing,03249569,07942152,07020895,,,,,,,,,,,,,,,,,,
Faces_362_v,Faces,mutilated face,01317954,05598147,05399847,,,,,,,,,,,,,,,,,,
Faces_363_v,Faces,mutilated face,05600637,09917593,10129825,01317954,03219135,03261776,,,,,,,,,,,,,,,
Faces_364_v,Faces,mutilated face,01020282,00236483,05399847,,,,,,,,,,,,,,,,,,
Faces_365_v,Faces,mutilated face,10405694,01020282,,,,,,,,,,,,,,,,,,,
Faces_366_h,Faces,mutilated face,10287213,14285662,10020890,00715674,,,,,,,,,,,,,,,,,
Faces_367_h,Faces,mutilated face,00095280,05399847,10287213,05600637,,,,,,,,,,,,,,,,,
Faces_368_h,Faces,mutilated face,01020282,09917593,01058049,,,,,,,,,,,,,,,,,,
Faces_369_v,Faces,mutilated face,10285313,01020282,14289590,,,,,,,,,,,,,,,,,,
Faces_370_h,Faces,at dentist,10004282,03441112,03574816,,,,,,,,,,,,,,,,,,
Faces_371_v,Faces,mutilated face,00868196,01020282,10129825,,,,,,,,,,,,,,,,,,
Faces_372_h,Faces,mutilated face,10048218,01317954,10287213,09638875,,,,,,,,,,,,,,,,,
,,,,,,,,,,,,,,,,,,,,,,,
,,,,,,,,,,,,,,,,,,,,,,,
,,,,,,,,,,,,,,,,,,,,,,,
,,,,,,,,,,,,,,,,,,,,,,,
,,,,,,,,,,,,,,,,,,,,,,,
,,,,,,,,,,,,,,,,,,,,,,,
,,,,,,,,,,,,,,,,,,,,,,,
,,,,,,,,,,,,,,,,,,,,,,,
,,,,,,,,,,,,,,,,,,,,,,,
,,,,,,,,,,,,,,,,,,,,,,,
,,,,,,,,,,,,,,,,,,,,,,,
,,,,,,,,,,,,,,,,,,,,,,,
,,,,,,,,,,,,,,,,,,,,,,,
,,,,,,,,,,,,,,,,,,,,,,,
,,,,,,,,,,,,,,,,,,,,,,,
,,,,,,,,,,,,,,,,,,,,,,,
,,,,,,,,,,,,,,,,,,,,,,,
,,,,,,,,,,,,,,,,,,,,,,,
,,,,,,,,,,,,,,,,,,,,,,,
,,,,,,,,,,,,,,,,,,,,,,,
,,,,,,,,,,,,,,,,,,,,,,,
,,,,,,,,,,,,,,,,,,,,,,,
,,,,,,,,,,,,,,,,,,,,,,,
,,,,,,,,,,,,,,,,,,,,,,,
,,,,,,,,,,,,,,,,,,,,,,,
,,,,,,,,,,,,,,,,,,,,,,,
,,,,,,,,,,,,,,,,,,,,,,,
,,,,,,,,,,,,,,,,,,,,,,,
,,,,,,,,,,,,,,,,,,,,,,,
,,,,,,,,,,,,,,,,,,,,,,,
,,,,,,,,,,,,,,,,,,,,,,,
,,,,,,,,,,,,,,,,,,,,,,,
,,,,,,,,,,,,,,,,,,,,,,,
,,,,,,,,,,,,,,,,,,,,,,,
,,,,,,,,,,,,,,,,,,,,,,,
,,,,,,,,,,,,,,,,,,,,,,,
,,,,,,,,,,,,,,,,,,,,,,,
,,,,,,,,,,,,,,,,,,,,,,,
,,,,,,,,,,,,,,,,,,,,,,,
,,,,,,,,,,,,,,,,,,,,,,,
,,,,,,,,,,,,,,,,,,,,,,,
,,,,,,,,,,,,,,,,,,,,,,,
,,,,,,,,,,,,,,,,,,,,,,,
,,,,,,,,,,,,,,,,,,,,,,,
,,,,,,,,,,,,,,,,,,,,,,,
,,,,,,,,,,,,,,,,,,,,,,,
,,,,,,,,,,,,,,,,,,,,,,,
,,,,,,,,,,,,,,,,,,,,,,,
,,,,,,,,,,,,,,,,,,,,,,,
,,,,,,,,,,,,,,,,,,,,,,,
,,,,,,,,,,,,,,,,,,,,,,,
,,,,,,,,,,,,,,,,,,,,,,,
