Picture ID;Category;Description;WordNet_1;WordNet_2;WordNet_3;WordNet_4;WordNet_5;WordNet_6;WordNet_7;;;;;;;;;;;;;
Faces_001_h;Faces;children with a dog;%HumanChild=;%DomesticDog=;;;;;;;;;;;;;;;;;;
Faces_002_v;Faces;woman with a dog;%Woman=;%DomesticDog=;;;;;;;;;;;;;;;;;;
Faces_003_h;Faces;children;%HumanChild=;;;;;;;;;;;;;;;;;;;
Faces_004_h;Faces;baby crying;%HumanBaby=;%Weeping=;%Glove+;;;;;;;;;;;;;;;;;
Faces_005_h;Faces;baby in incubator;%HumanBaby=;%Device+;;;;;;;;;;;;;;;;;;
Faces_006_h;Faces;girl;%Girl=;;;;;;;;;;;;;;;;;;;
Faces_007_h;Faces;amputee boy;%DiseaseOrSyndrome+;%Man+;%HospitalOrganization=;;;;;;;;;;;;;;;;;
Faces_008_h;Faces;child crying;%HumanChild=;%Weeping=;%Snowing=;;;;;;;;;;;;;;;;;
Faces_009_h;Faces;hurting child;%Perception+;%HumanChild=;;;;;;;;;;;;;;;;;;
Faces_010_h;Faces;child with burns;%HumanChild=;%Injuring+;%HospitalOrganization=;;;;;;;;;;;;;;;;;
Faces_011_h;Faces;sick child;%DiseaseOrSyndrome+;%HumanChild=;;;;;;;;;;;;;;;;;;
Faces_012_v;Faces;sad girl;%Unhappiness+;%Girl=;;;;;;;;;;;;;;;;;;
Faces_013_h;Faces;child in a rescue sled;%HumanChild=;%SubjectiveAssessmentAttribute=;%LandVehicle+;;;;;;;;;;;;;;;;;
Faces_014_h;Faces;children;%HumanChild=;%City+;;;;;;;;;;;;;;;;;;
Faces_015_h;Faces;children;%HumanChild=;;;;;;;;;;;;;;;;;;;
Faces_016_h;Faces;armed children;%Weapon+;%HumanChild=;;;;;;;;;;;;;;;;;;
Faces_017_h;Faces;boy playing;%Man+;%RecreationOrExercise+;;;;;;;;;;;;;;;;;;
Faces_018_h;Faces;armed boys;%Weapon+;%Man+;;;;;;;;;;;;;;;;;;
Faces_019_h;Faces;baby with cleft lip;%HumanBaby=;%Slicing+;%Lip=;;;;;;;;;;;;;;;;;
Faces_020_h;Faces;child eating;%HumanChild=;%Eating=;;;;;;;;;;;;;;;;;;
Faces_021_h;Faces;baby crying;%HumanBaby=;%Vocalizing=;;;;;;;;;;;;;;;;;;
Faces_022_h;Faces;sad child;%Unhappiness+;%HumanChild=;;;;;;;;;;;;;;;;;;
Faces_023_h;Faces;child;%HumanChild=;%Eating=;%Fence=;;;;;;;;;;;;;;;;;
Faces_024_h;Faces;child;%HumanChild=;;;;;;;;;;;;;;;;;;;
Faces_025_h;Faces;baby in incubator;%HumanBaby=;%Device+;;;;;;;;;;;;;;;;;;
Faces_026_h;Faces;boy;%Man+;;;;;;;;;;;;;;;;;;;
Faces_027_h;Faces;boy;%Man+;;;;;;;;;;;;;;;;;;;
Faces_028_h;Faces;wounded woman and a child;%Injuring+;%HumanChild=;%Woman=;;;;;;;;;;;;;;;;;
Faces_029_h;Faces;baby in incubator;%HumanBaby=;%Device+;;;;;;;;;;;;;;;;;;
Faces_030_h;Faces;child;%HumanChild=;;;;;;;;;;;;;;;;;;;
Faces_031_v;Faces;amputee girl;%DiseaseOrSyndrome+;%Girl=;%Weeping=;;;;;;;;;;;;;;;;;
Faces_032_h;Faces;boy with a cigarette;%Man+;%CigarOrCigarette+;;;;;;;;;;;;;;;;;;
Faces_033_h;Faces;boys with crutches;%Man+;%Device+;;;;;;;;;;;;;;;;;;
Faces_034_h;Faces;sick child;%HumanChild=;%DiseaseOrSyndrome+;;;;;;;;;;;;;;;;;;
Faces_035_h;Faces;child eating;%HumanChild=;%Eating=;;;;;;;;;;;;;;;;;;
Faces_036_h;Faces;woman and a child;%Woman=;%HumanChild=;;;;;;;;;;;;;;;;;;
Faces_037_h;Faces;boy crying;%Man+;%Weeping=;;;;;;;;;;;;;;;;;;
Faces_038_h;Faces;boy with a gun;%Man+;%Gun=;;;;;;;;;;;;;;;;;;
Faces_039_h;Faces;sad girl;%Unhappiness+;%Girl=;;;;;;;;;;;;;;;;;;
Faces_040_h;Faces;child;%HumanChild=;;;;;;;;;;;;;;;;;;;
Faces_041_h;Faces;child in a hospital;%HumanChild=;%HospitalOrganization=;;;;;;;;;;;;;;;;;;
Faces_042_h;Faces;boy smiling;%Man+;%EmotionalState+;;;;;;;;;;;;;;;;;;
Faces_043_v;Faces;girl having a massage;%Girl=;%Process+;%Massaging=;;;;;;;;;;;;;;;;;
Faces_044_h;Faces;girl;%Girl=;;;;;;;;;;;;;;;;;;;
Faces_045_h;Faces;girl;%Girl=;;;;;;;;;;;;;;;;;;;
Faces_046_h;Faces;girls eating;%Girl=;%Eating=;;;;;;;;;;;;;;;;;;
Faces_047_h;Faces;boy;%Man+;;;;;;;;;;;;;;;;;;;
Faces_048_h;Faces;boys;%Man+;;;;;;;;;;;;;;;;;;;
Faces_049_h;Faces;girl;%Girl=;;;;;;;;;;;;;;;;;;;
Faces_050_h;Faces;children playing;%HumanChild=;%RecreationOrExercise+;;;;;;;;;;;;;;;;;;
Faces_051_h;Faces;boy on a bike;%Man+;%RecreationOrExercise+;;;;;;;;;;;;;;;;;;
Faces_052_h;Faces;girl sleeping;%Girl=;%Asleep=;;;;;;;;;;;;;;;;;;
Faces_053_h;Faces;children;%HumanChild=;;;;;;;;;;;;;;;;;;;
Faces_054_v;Faces;girl;%Girl=;;;;;;;;;;;;;;;;;;;
Faces_055_h;Faces;girl;%Girl=;;;;;;;;;;;;;;;;;;;
Faces_056_h;Faces;boy;%Man+;;;;;;;;;;;;;;;;;;;
Faces_057_h;Faces;boy;%Man+;;;;;;;;;;;;;;;;;;;
Faces_058_h;Faces;girl;%Girl=;;;;;;;;;;;;;;;;;;;
Faces_059_h;Faces;girl;%Girl=;;;;;;;;;;;;;;;;;;;
Faces_060_h;Faces;family;%FamilyGroup+;;;;;;;;;;;;;;;;;;;
Faces_061_h;Faces;baby sleeping;%HumanBaby=;%Asleep=;;;;;;;;;;;;;;;;;;
Faces_062_v;Faces;girl;%Girl=;;;;;;;;;;;;;;;;;;;
Faces_063_v;Faces;child eating;%HumanChild=;%Eating=;;;;;;;;;;;;;;;;;;
Faces_064_h;Faces;woman and girls;%Woman=;%Girl=;;;;;;;;;;;;;;;;;;
Faces_065_h;Faces;girl;%Woman=;;;;;;;;;;;;;;;;;;;
Faces_066_h;Faces;child playing;%HumanChild=;%RecreationOrExercise+;%VacuumCleaner=;;;;;;;;;;;;;;;;;
Faces_067_h;Faces;baby;%HumanBaby=;;;;;;;;;;;;;;;;;;;
Faces_068_h;Faces;children;%HumanChild=;%Position+;;;;;;;;;;;;;;;;;;
Faces_069_h;Faces;boy;%Man+;;;;;;;;;;;;;;;;;;;
Faces_070_v;Faces;child;%HumanChild=;;;;;;;;;;;;;;;;;;;
Faces_071_v;Faces;boy;%Man+;%FloweringPlant+;;;;;;;;;;;;;;;;;;
Faces_072_h;Faces;boy;%Man+;;;;;;;;;;;;;;;;;;;
Faces_073_v;Faces;child;%HumanChild=;;;;;;;;;;;;;;;;;;;
Faces_074_h;Faces;woman and a girl;%Woman=;%Girl=;;;;;;;;;;;;;;;;;;
Faces_075_v;Faces;girl;%Girl=;%Praying=;;;;;;;;;;;;;;;;;;
Faces_076_h;Faces;girl playing;%Girl=;%Balloon=;%RecreationOrExercise+;;;;;;;;;;;;;;;;;
Faces_077_v;Faces;girl drinking;%Girl=;%Drinking=;;;;;;;;;;;;;;;;;;
Faces_078_h;Faces;girl;%Girl=;;;;;;;;;;;;;;;;;;;
Faces_079_h;Faces;mother and child;%BiologicalAttribute+;%HumanChild=;%HumanBaby=;;;;;;;;;;;;;;;;;
Faces_080_h;Faces;woman and children;%Woman=;%HumanChild=;%Artifact+;;;;;;;;;;;;;;;;;
Faces_081_v;Faces;children smiling;%HumanChild=;%Smiling=;;;;;;;;;;;;;;;;;;
Faces_082_v;Faces;child playing;%HumanChild=;%RecreationOrExercise+;;;;;;;;;;;;;;;;;;
Faces_083_h;Faces;child;%HumanChild=;%Eating=;;;;;;;;;;;;;;;;;;
Faces_084_v;Faces;woman and a child;%Woman=;%HumanChild=;;;;;;;;;;;;;;;;;;
Faces_085_h;Faces;baby;%HumanBaby=;;;;;;;;;;;;;;;;;;;
Faces_086_v;Faces;baby;%HumanBaby=;;;;;;;;;;;;;;;;;;;
Faces_087_h;Faces;girl;%Girl=;;;;;;;;;;;;;;;;;;;
Faces_088_v;Faces;children playing;%Girl=;%RecreationOrExercise+;%Smiling=;;;;;;;;;;;;;;;;;
Faces_089_h;Faces;mother and child;%BiologicalAttribute+;%HumanChild=;;;;;;;;;;;;;;;;;;
Faces_090_v;Faces;children smiling;%HumanChild=;%Smiling=;;;;;;;;;;;;;;;;;;
Faces_091_v;Faces;parents with a child;%BiologicalAttribute+;%Girl=;;;;;;;;;;;;;;;;;;
Faces_092_h;Faces;family on the beach;%FamilyGroup+;%ShoreArea=;;;;;;;;;;;;;;;;;;
Faces_093_v;Faces;man and a girl;%Man=;%Girl=;%Man=;%RecreationOrExercise+;;;;;;;;;;;;;;;;
Faces_094_h;Faces;woman and a girl;%Woman=;%Girl=;%PreparedFood+;;;;;;;;;;;;;;;;;
Faces_095_h;Faces;girl eating;%Girl=;%Eating=;;;;;;;;;;;;;;;;;;
Faces_096_h;Faces;boy smiling;%Man+;%Smiling=;;;;;;;;;;;;;;;;;;
Faces_097_v;Faces;boy smiling;%Man+;%Smiling=;;;;;;;;;;;;;;;;;;
Faces_098_h;Faces;girl;%Girl=;%IceCream=;;;;;;;;;;;;;;;;;;
Faces_099_h;Faces;boy;%Man+;%RecreationOrExercise+;;;;;;;;;;;;;;;;;;
Faces_100_h;Faces;boys smiling;%Man+;%Smiling=;;;;;;;;;;;;;;;;;;
Faces_101_h;Faces;children;%HumanChild=;%Smiling=;;;;;;;;;;;;;;;;;;
Faces_102_h;Faces;boy;%Man+;%SocialRole+;;;;;;;;;;;;;;;;;;
Faces_103_h;Faces;men smiling;%Man=;%Smiling=;;;;;;;;;;;;;;;;;;
Faces_104_h;Faces;girl smiling;%Girl=;%Smiling=;;;;;;;;;;;;;;;;;;
Faces_105_h;Faces;boy playing;%Man+;%Game+;%Smiling=;;;;;;;;;;;;;;;;;
Faces_106_h;Faces;man and a girl smiling;%Man=;%Smiling=;%Girl=;;;;;;;;;;;;;;;;;
Faces_107_h;Faces;man and a boy smiling;%Man=;%Smiling=;%Man+;;;;;;;;;;;;;;;;;
Faces_108_h;Faces;children in swimming pool;%HumanChild=;%SwimmingPool=;%RecreationOrExercise+;;;;;;;;;;;;;;;;;
Faces_109_v;Faces;child smiling;%HumanChild=;%Smiling=;%Day+;;;;;;;;;;;;;;;;;
Faces_110_h;Faces;girls smiling;%Girl=;%Smiling=;;;;;;;;;;;;;;;;;;
Faces_111_h;Faces;girl;%Girl=;;;;;;;;;;;;;;;;;;;
Faces_112_h;Faces;girls;%Girl=;;;;;;;;;;;;;;;;;;;
Faces_113_h;Faces;boy playing;%Man+;%RecreationOrExercise+;%Driving=;;;;;;;;;;;;;;;;;
Faces_114_h;Faces;baby;%HumanBaby=;;;;;;;;;;;;;;;;;;;
Faces_115_h;Faces;boy smiling;%Man+;%Smiling=;;;;;;;;;;;;;;;;;;
Faces_116_h;Faces;girl smiling;%Girl=;%Smiling=;;;;;;;;;;;;;;;;;;
Faces_117_h;Faces;boys smiling;%Man+;%Smiling=;;;;;;;;;;;;;;;;;;
Faces_118_h;Faces;children playing;%Man+;%RecreationOrExercise+;;;;;;;;;;;;;;;;;;
Faces_119_v;Faces;girl;%Girl=;;;;;;;;;;;;;;;;;;;
Faces_120_h;Faces;boy smiling;%Man+;%Smiling=;;;;;;;;;;;;;;;;;;
Faces_121_h;Faces;mother and child;%BiologicalAttribute+;%Man+;;;;;;;;;;;;;;;;;;
Faces_122_h;Faces;girl playing;%Girl=;%RecreationOrExercise+;%Smiling=;;;;;;;;;;;;;;;;;
Faces_123_h;Faces;boy playing;%Man+;%RecreationOrExercise+;%Sand=;;;;;;;;;;;;;;;;;
Faces_124_h;Faces;girls playing;%Girl=;%RecreationOrExercise+;%Sand=;;;;;;;;;;;;;;;;;
Faces_125_h;Faces;girl;%Girl=;%Scooter=;;;;;;;;;;;;;;;;;;
Faces_126_h;Faces;girl;%Girl=;%FruitOrVegetable=;;;;;;;;;;;;;;;;;;
Faces_127_h;Faces;girls smiling;%Girl=;%Smiling=;;;;;;;;;;;;;;;;;;
Faces_128_h;Faces;children;%HumanChild=;;;;;;;;;;;;;;;;;;;
Faces_129_h;Faces;children;%HumanChild=;;;;;;;;;;;;;;;;;;;
Faces_130_h;Faces;woman and child;%Woman=;%HumanChild=;%BiologicalAttribute+;%HumanBaby=;;;;;;;;;;;;;;;;
Faces_131_v;Faces;boy smiling;%Man+;%Smiling=;;;;;;;;;;;;;;;;;;
Faces_132_h;Faces;boy on a slide;%Man+;%RecreationOrExerciseDevice+;;;;;;;;;;;;;;;;;;
Faces_133_h;Faces;boy in swimming pool;%Man+;%SwimmingPool=;;;;;;;;;;;;;;;;;;
Faces_134_h;Faces;children in swimming pool;%Man+;%SwimmingPool=;%Smiling=;;;;;;;;;;;;;;;;;
Faces_135_h;Faces;boy smiling;%Man+;%Smiling=;;;;;;;;;;;;;;;;;;
Faces_136_v;Faces;boys smiling;%Man+;%Smiling=;;;;;;;;;;;;;;;;;;
Faces_137_h;Faces;boy in swimming pool;%Man+;%SwimmingPool=;;;;;;;;;;;;;;;;;;
Faces_138_h;Faces;woman and child;%Woman=;%Man+;;;;;;;;;;;;;;;;;;
Faces_139_v;Faces;children smiling;%HumanChild=;%Smiling=;%Bicycle=;;;;;;;;;;;;;;;;;
Faces_140_h;Faces;grandparents and children;%BiologicalAttribute+;%HumanChild=;%HumanBaby=;;;;;;;;;;;;;;;;;
Faces_141_v;Faces;children playing;%HumanChild=;%RecreationOrExercise+;%Bathing+;;;;;;;;;;;;;;;;;
Faces_142_h;Faces;sad woman;%Woman=;%Woman=;;;;;;;;;;;;;;;;;;
Faces_143_v;Faces;mutilated face;%PathologicProcess+;%Face+;;;;;;;;;;;;;;;;;;
Faces_144_h;Faces;man;%Man=;;;;;;;;;;;;;;;;;;;
Faces_145_v;Faces;mutilated face;%PathologicProcess+;%Face+;;;;;;;;;;;;;;;;;;
Faces_146_h;Faces;sick man;%DiseaseOrSyndrome+;%Man=;;;;;;;;;;;;;;;;;;
Faces_147_v;Faces;mutilated face;%PathologicProcess+;%Face+;;;;;;;;;;;;;;;;;;
Faces_148_h;Faces;homeless men;%Human+;%Man=;%Smoking=;;;;;;;;;;;;;;;;;
Faces_149_v;Faces;mutilated face;%PathologicProcess+;%Face+;%Woman=;;;;;;;;;;;;;;;;;
Faces_150_h;Faces;sick man;%DiseaseOrSyndrome+;%Man=;;;;;;;;;;;;;;;;;;
Faces_151_v;Faces;mutilated face;%PathologicProcess+;%Face+;%Woman=;;;;;;;;;;;;;;;;;
Faces_152_h;Faces;mutilated face;%PathologicProcess+;%Face+;%Woman=;;;;;;;;;;;;;;;;;
Faces_153_v;Faces;mutilated face;%PathologicProcess+;%Face+;%Woman=;;;;;;;;;;;;;;;;;
Faces_154_h;Faces;boy;%Man+;;;;;;;;;;;;;;;;;;;
Faces_155_h;Faces;girl crying;%Girl=;%Weeping=;;;;;;;;;;;;;;;;;;
Faces_156_h;Faces;man;%Man=;;;;;;;;;;;;;;;;;;;
Faces_157_h;Faces;sad man;%Unhappiness+;%Man=;;;;;;;;;;;;;;;;;;
Faces_158_h;Faces;sad man;%Unhappiness+;%Man=;;;;;;;;;;;;;;;;;;
Faces_159_h;Faces;mutilated face;%PathologicProcess+;%Face+;;;;;;;;;;;;;;;;;;
Faces_160_v;Faces;woman;%Woman=;;;;;;;;;;;;;;;;;;;
Faces_161_h;Faces;woman smoking;%Woman=;%Smoking=;;;;;;;;;;;;;;;;;;
Faces_162_h;Faces;sad couple;%Unhappiness+;%Group+;;;;;;;;;;;;;;;;;;
Faces_163_h;Faces;men;%Man=;%Lecture=;;;;;;;;;;;;;;;;;;
Faces_164_h;Faces;crying woman and child;%Weeping=;%Woman=;%HumanChild=;;;;;;;;;;;;;;;;;
Faces_165_v;Faces;elderly man;%Man=;%SubjectiveAssessmentAttribute+;;;;;;;;;;;;;;;;;;
Faces_166_h;Faces;sad man;%Man=;%Unhappiness+;;;;;;;;;;;;;;;;;;
Faces_167_v;Faces;man;%Man=;%Interviewing=;;;;;;;;;;;;;;;;;;
Faces_168_h;Faces;man;%Man=;%FacialHair+;;;;;;;;;;;;;;;;;;
Faces_169_v;Faces;man smoking;%Man=;%Smoking=;;;;;;;;;;;;;;;;;;
Faces_170_h;Faces;wounded man;%Man=;%EyeGlass+;%Blood=;;;;;;;;;;;;;;;;;
Faces_171_v;Faces;elderly man;%Man=;%Human+;%FacialHair+;;;;;;;;;;;;;;;;;
Faces_172_h;Faces;elderly man;%Man=;%Human+;%Blanket+;;;;;;;;;;;;;;;;;
Faces_173_v;Faces;hurting man;%Vocalizing=;%Head=;;;;;;;;;;;;;;;;;;
Faces_174_h;Faces;mutilated face;%Face+;%Human+;%AnatomicalStructure+;;;;;;;;;;;;;;;;;
Faces_175_v;Faces;woman crying;%Woman=;%TearSubstance+;%Weeping=;;;;;;;;;;;;;;;;;
Faces_176_h;Faces;elderly woman;%Woman=;%Human+;;;;;;;;;;;;;;;;;;
Faces_177_v;Faces;masked man;%Man=;%PoliceOrganization+;%Mask=;;;;;;;;;;;;;;;;;
Faces_178_h;Faces;elderly woman;%Woman=;%Human+;;;;;;;;;;;;;;;;;;
Faces_179_v;Faces;woman;%Woman=;%EyeGlass+;;;;;;;;;;;;;;;;;;
Faces_180_h;Faces;woman;%Woman=;%ProtectiveEyewear+;;;;;;;;;;;;;;;;;;
Faces_181_v;Faces;elderly woman;%Woman=;%Human+;;;;;;;;;;;;;;;;;;
Faces_182_h;Faces;elderly man;%Man=;%Human+;;;;;;;;;;;;;;;;;;
Faces_183_v;Faces;man;%Man=;%FacialHair+;;;;;;;;;;;;;;;;;;
Faces_184_h;Faces;woman;%Woman=;%ProtectiveEyewear+;%Sofa=;;;;;;;;;;;;;;;;;
Faces_185_v;Faces;man;%Man=;%ClothingSuit+;;;;;;;;;;;;;;;;;;
Faces_186_h;Faces;woman;%Woman=;%EyeGlass+;;;;;;;;;;;;;;;;;;
Faces_187_v;Faces;man;%Man=;%ClothingSuit+;;;;;;;;;;;;;;;;;;
Faces_188_h;Faces;woman;%Woman=;%Hijab=;;;;;;;;;;;;;;;;;;
Faces_189_v;Faces;man;%Man=;%FacialHair+;;;;;;;;;;;;;;;;;;
Faces_190_h;Faces;man;%Man=;%FacialHair+;;;;;;;;;;;;;;;;;;
Faces_191_v;Faces;man;%Man=;%FacialHair+;;;;;;;;;;;;;;;;;;
Faces_192_h;Faces;man;%Man=;%EyeGlass+;;;;;;;;;;;;;;;;;;
Faces_193_v;Faces;priest;%Man=;%Collar+;;;;;;;;;;;;;;;;;;
Faces_194_h;Faces;man;%Man=;%EyeGlass+;;;;;;;;;;;;;;;;;;
Faces_195_v;Faces;elderly woman;%Woman=;%Human+;%Clothing+;;;;;;;;;;;;;;;;;
Faces_196_h;Faces;man;%Man=;%Clothing+;%Clothing+;;;;;;;;;;;;;;;;;
Faces_197_v;Faces;woman;%Woman=;%Device+;;;;;;;;;;;;;;;;;;
Faces_198_h;Faces;woman;%Woman=;%PlantLeaf=;;;;;;;;;;;;;;;;;;
Faces_199_v;Faces;elderly man;%Human+;%Man=;%EyeGlass+;;;;;;;;;;;;;;;;;
Faces_200_h;Faces;man;%Man=;%Hat+;%ProtectiveEyewear+;%Window=;%Looking+;;;;;;;;;;;;;;;
Faces_201_v;Faces;priest;%Man=;%SubjectiveAssessmentAttribute+;%Cleric=;%Microphone=;%Communication+;;;;;;;;;;;;;;;
Faces_202_v;Faces;man;%Man=;%Face+;%Device+;%ProtectiveEyewear+;;;;;;;;;;;;;;;;
Faces_203_h;Faces;elderly man;%SubjectiveAssessmentAttribute+;%Man=;%Eating=;%IceCream=;%EyeGlass+;;;;;;;;;;;;;;;
Faces_204_v;Faces;man;%Man=;%ProtectiveEyewear+;%Face+;;;;;;;;;;;;;;;;;
Faces_205_h;Faces;elderly woman;%SubjectiveAssessmentAttribute+;%Woman=;%Face+;%EyeGlass+;;;;;;;;;;;;;;;;
Faces_206_v;Faces;woman;%Woman=;%Face+;;;;;;;;;;;;;;;;;;
Faces_207_h;Faces;elderly woman;%SubjectiveAssessmentAttribute+;%Woman=;%Face+;%GroupOfPeople=;%GroupOfPeople+;;;;;;;;;;;;;;;
Faces_208_h;Faces;elderly man;%SubjectiveAssessmentAttribute+;%Man=;%Snowing=;%WinterSeason+;%Face+;%GroupOfPeople=;;;;;;;;;;;;;;
Faces_209_h;Faces;elderly woman;%SubjectiveAssessmentAttribute+;%Woman=;%Face+;;;;;;;;;;;;;;;;;
Faces_210_h;Faces;man;%Man=;%Face+;%Door+;%HotelBuilding=;;;;;;;;;;;;;;;;
Faces_211_h;Faces;man smiling;%Man=;%Smiling+;%WaterVehicle=;%OccupationalTrade+;;;;;;;;;;;;;;;;
Faces_212_h;Faces;man;%Man=;%WaterVehicle=;%WaterArea=;%Ocean=;%SpaceRegion=;%Blue+;;;;;;;;;;;;;;
Faces_213_v;Faces;men;%Man=;%Man+;%BodyMotion+;%BodyMotion+;%ProtectiveEyewear+;%Roadway=;;;;;;;;;;;;;;
Faces_214_h;Faces;elderly woman;%SubjectiveAssessmentAttribute+;%Woman=;%Balcony=;;;;;;;;;;;;;;;;;
Faces_215_v;Faces;woman;%Woman=;%BodyMotion+;%EyeGlass+;;;;;;;;;;;;;;;;;
Faces_216_h;Faces;man;%Man=;%EyeGlass+;%Face+;;;;;;;;;;;;;;;;;
Faces_217_v;Faces;elderly man;%SubjectiveAssessmentAttribute+;%Man=;%Smoking=;%SmokingPipe=;;;;;;;;;;;;;;;;
Faces_218_h;Faces;woman;%Woman=;%ProtectiveEyewear+;%Walking=;;;;;;;;;;;;;;;;;
Faces_219_v;Faces;elderly man;%SubjectiveAssessmentAttribute+;%Man=;%ProtectiveEyewear+;%Hat+;%RecreationOrExercise+;%Game+;;;;;;;;;;;;;;
Faces_220_h;Faces;woman;%Woman=;%EyeGlass+;%Face+;;;;;;;;;;;;;;;;;
Faces_221_v;Faces;man;%Man=;%Face+;%LineFormation+;;;;;;;;;;;;;;;;;
Faces_222_h;Faces;elderly woman;%SubjectiveAssessmentAttribute+;%SubjectiveAssessmentAttribute+;%EyeGlass+;%BodyMotion+;%Seat+;%Green=;;;;;;;;;;;;;;
Faces_223_v;Faces;woman;%Woman=;%Face+;;;;;;;;;;;;;;;;;;
Faces_224_h;Faces;elderly woman;%SubjectiveAssessmentAttribute+;%Woman=;%Bag+;%Yellow=;%Dress+;%Plant+;%Green=;;;;;;;;;;;;;
Faces_225_v;Faces;man smiling;%Man+;%Smiling+;%Clothing+;;;;;;;;;;;;;;;;;
Faces_226_h;Faces;man smiling;%Man=;%Smiling+;%FacialHair+;;;;;;;;;;;;;;;;;
Faces_227_v;Faces;woman smiling;%Woman=;%Smiling+;%Red=;%Coat=;;;;;;;;;;;;;;;;
Faces_228_h;Faces;elderly woman;%SubjectiveAssessmentAttribute+;%Woman=;%Hat+;%Drinking=;%Coffee=;;;;;;;;;;;;;;;
Faces_229_v;Faces;man;%Man=;%Face+;%Scales=;;;;;;;;;;;;;;;;;
Faces_230_h;Faces;elderly man;%SubjectiveAssessmentAttribute+;%Man=;%Hat+;%FacialHair+;%GrayColor=;;;;;;;;;;;;;;;
Faces_231_v;Faces;woman smiling;%Woman=;%Smiling+;%Clothing+;%Coat=;%Face+;;;;;;;;;;;;;;;
Faces_232_h;Faces;women smiling;%Woman=;%Smiling+;%ArtWork+;%EyeGlass+;%Face+;;;;;;;;;;;;;;;
Faces_233_v;Faces;woman;%Woman=;%ProtectiveEyewear+;%Clothing+;%Roadway=;%GroupOfPeople=;%Face+;;;;;;;;;;;;;;
Faces_234_h;Faces;dancing people;%GroupOfPeople=;%Dancing=;%MakingVocalMusic=;%Park+;%Green=;%Grass=;;;;;;;;;;;;;;
Faces_235_v;Faces;woman smiling;%Woman=;%Smiling+;%Park+;%Face+;;;;;;;;;;;;;;;;
Faces_236_h;Faces;woman smiling;%Woman=;%Smiling+;%Dress+;%Yellow=;%Keeping=;%Food=;;;;;;;;;;;;;;
Faces_237_v;Faces;woman smiling;%Woman=;%Smiling+;%Jewelry+;%Face+;%Face+;;;;;;;;;;;;;;;
Faces_238_h;Faces;man smiling;%Man=;%Smiling+;%Helmet=;%Face+;;;;;;;;;;;;;;;;
Faces_239_v;Faces;woman smiling;%Woman=;%Smiling+;;;;;;;;;;;;;;;;;;
Faces_240_h;Faces;woman smiling;%Woman=;%Smiling+;%Sport+;;;;;;;;;;;;;;;;;
Faces_241_v;Faces;man;%Man=;%Smiling+;;;;;;;;;;;;;;;;;;
Faces_242_h;Faces;man and woman smiling;%Man=;%Woman=;%Smiling+;;;;;;;;;;;;;;;;;
Faces_243_v;Faces;elderly woman;%Woman=;%SubjectiveAssessmentAttribute+;%EyeGlass+;;;;;;;;;;;;;;;;;
Faces_244_h;Faces;elderly woman;%Woman=;%Smiling+;%SubjectiveAssessmentAttribute+;%Hat+;;;;;;;;;;;;;;;;
Faces_245_v;Faces;man singing;%Man=;%MakingVocalMusic=;;;;;;;;;;;;;;;;;;
Faces_246_v;Faces;man smiling;%Man+;%Smiling+;;;;;;;;;;;;;;;;;;
Faces_247_h;Faces;woman smiling;%Woman=;%Smiling+;%SubjectiveAssessmentAttribute+;;;;;;;;;;;;;;;;;
Faces_248_v;Faces;girl;%Woman+;;;;;;;;;;;;;;;;;;;
Faces_249_v;Faces;Buddhist monk;%Man=;%Monk=;;;;;;;;;;;;;;;;;;
Faces_250_h;Faces;woman;%Woman=;;;;;;;;;;;;;;;;;;;
Faces_251_v;Faces;man;%Man=;%Smiling+;;;;;;;;;;;;;;;;;;
Faces_252_h;Faces;woman smiling;%Woman=;%Smiling+;;;;;;;;;;;;;;;;;;
Faces_253_v;Faces;woman smiling;%Woman=;%Smiling+;%Sea=;;;;;;;;;;;;;;;;;
Faces_254_h;Faces;woman;%Woman=;%Smiling+;;;;;;;;;;;;;;;;;;
Faces_255_v;Faces;elderly man;%SubjectiveAssessmentAttribute+;%Man=;;;;;;;;;;;;;;;;;;
Faces_256_h;Faces;elderly woman;%SubjectiveAssessmentAttribute+;%Woman=;;;;;;;;;;;;;;;;;;
Faces_257_v;Faces;woman smiling;%Woman=;%Smiling+;;;;;;;;;;;;;;;;;;
Faces_258_h;Faces;men smiling;%Man=;%Smiling+;%SwimmingPool=;;;;;;;;;;;;;;;;;
Faces_259_v;Faces;mother and child;%BiologicalAttribute+;%HumanChild=;;;;;;;;;;;;;;;;;;
Faces_260_h;Faces;elderly man;%SubjectiveAssessmentAttribute+;%Man=;%Position+;;;;;;;;;;;;;;;;;
Faces_261_v;Faces;woman smiling;%Woman=;%Smiling+;;;;;;;;;;;;;;;;;;
Faces_262_h;Faces;elderly woman;%SubjectiveAssessmentAttribute+;%Woman=;;;;;;;;;;;;;;;;;;
Faces_263_v;Faces;woman smiling;%Woman=;%Smiling+;;;;;;;;;;;;;;;;;;
Faces_264_h;Faces;butcher woman;%Position+;%Woman=;;;;;;;;;;;;;;;;;;
Faces_265_h;Faces;butcher;%Position+;%Man=;;;;;;;;;;;;;;;;;;
Faces_266_h;Faces;butcher;%Position+;%Man=;;;;;;;;;;;;;;;;;;
Faces_267_v;Faces;cook;%Human+;%UniformClothing=;;;;;;;;;;;;;;;;;;
Faces_268_h;Faces;butcher woman;%Position+;%Woman=;;;;;;;;;;;;;;;;;;
Faces_269_v;Faces;soldier;%Soldier=;%Gun=;;;;;;;;;;;;;;;;;;
Faces_270_h;Faces;man with a gun;%Man=;%Gun=;;;;;;;;;;;;;;;;;;
Faces_271_h;Faces;men with guns;%Man=;%Gun=;;;;;;;;;;;;;;;;;;
Faces_272_h;Faces;masked men with guns;%Covering+;%Man=;%Gun=;;;;;;;;;;;;;;;;;
Faces_273_h;Faces;man with guns;%Man=;%Gun=;;;;;;;;;;;;;;;;;;
Faces_274_h;Faces;man with guns;%Man=;%Gun=;;;;;;;;;;;;;;;;;;
Faces_275_h;Faces;elderly man;%SubjectiveAssessmentAttribute+;%Man=;;;;;;;;;;;;;;;;;;
Faces_276_h;Faces;women;%Woman=;%GroupOfPeople+;;;;;;;;;;;;;;;;;;
Faces_277_h;Faces;box fighters;%Sport+;%SocialRole+;;;;;;;;;;;;;;;;;;
Faces_278_h;Faces;woman and man;%Woman=;%Man=;;;;;;;;;;;;;;;;;;
Faces_279_h;Faces;sad people;%GroupOfPeople=;%Woman=;%Man=;%Weeping=;;;;;;;;;;;;;;;;
Faces_280_h;Faces;box fighters;%Sport+;%SocialRole+;%Blood=;;;;;;;;;;;;;;;;;
Faces_281_h;Faces;hurting woman;%Pain=;%Woman=;;;;;;;;;;;;;;;;;;
Faces_282_h;Faces;football players;%Football+;%Sport=;%Human+;%Organization=;;;;;;;;;;;;;;;;
Faces_283_h;Faces;elderly woman crying;%Human+;%Woman=;%Weeping=;;;;;;;;;;;;;;;;;
Faces_284_h;Faces;crippled man;%Man=;%DiseaseOrSyndrome+;;;;;;;;;;;;;;;;;;
Faces_285_h;Faces;homeless woman;%Human+;%Woman=;;;;;;;;;;;;;;;;;;
Faces_286_h;Faces;judo fighters;%Man=;%Judo=;;;;;;;;;;;;;;;;;;
Faces_287_h;Faces;football player;%Man=;;;;;;;;;;;;;;;;;;;
Faces_288_h;Faces;woman;%Woman=;%Bed=;;;;;;;;;;;;;;;;;;
Faces_289_h;Faces;elderly man;%Man=;%Snowing+;%Snowing=;;;;;;;;;;;;;;;;;
Faces_290_h;Faces;homeless man;%Man=;%FacialHair+;%Human+;;;;;;;;;;;;;;;;;
Faces_291_h;Faces;police arresting someone;%PoliceOrganization+;%PlacingUnderArrest=;;;;;;;;;;;;;;;;;;
Faces_292_h;Faces;man;%Man=;%Africa=;;;;;;;;;;;;;;;;;;
Faces_293_h;Faces;police arresting someone;%PoliceOrganization+;%PlacingUnderArrest=;;;;;;;;;;;;;;;;;;
Faces_294_h;Faces;wounded man;%Man=;%HospitalBuilding=;;;;;;;;;;;;;;;;;;
Faces_295_h;Faces;judo fighters;%Man=;%Judo=;;;;;;;;;;;;;;;;;;
Faces_296_h;Faces;man smoking;%Man=;%Smoking=;;;;;;;;;;;;;;;;;;
Faces_297_h;Faces;judo fighters;%Man=;%Judo=;%Vocalizing+;;;;;;;;;;;;;;;;;
Faces_298_h;Faces;fighter;%Man=;%Head=;%Blood=;;;;;;;;;;;;;;;;;
Faces_299_h;Faces;box fighters;%Man=;%Sport+;;;;;;;;;;;;;;;;;;
Faces_300_h;Faces;elderly man;%Human+;%Man=;%TemperatureMeasure+;;;;;;;;;;;;;;;;;
Faces_301_h;Faces;man and woman;%Woman=;%Man=;;;;;;;;;;;;;;;;;;
Faces_302_h;Faces;homeless man;%SubjectiveWeakNegativeAttribute+;%Man=;;;;;;;;;;;;;;;;;;
Faces_303_h;Faces;beggar woman;%SubjectiveAssessmentAttribute+;%SubjectiveWeakNegativeAttribute+;%Woman=;;;;;;;;;;;;;;;;;
Faces_304_h;Faces;men in the water;%Man=;%WaterArea=;;;;;;;;;;;;;;;;;;
Faces_305_h;Faces;woman;%Woman=;%Container+;;;;;;;;;;;;;;;;;;
Faces_306_v;Faces;couple;%Group+;%Man=;%Woman=;;;;;;;;;;;;;;;;;
Faces_307_v;Faces;couple;%Group+;%Man=;%Woman=;;;;;;;;;;;;;;;;;
Faces_308_h;Faces;men;%Man=;%CardinalityFn=;;;;;;;;;;;;;;;;;;
Faces_309_h;Faces;men;%Man=;%CardinalityFn=;;;;;;;;;;;;;;;;;;
Faces_310_v;Faces;woman;%Woman=;%Food=;%Sandwich=;;;;;;;;;;;;;;;;;
Faces_311_h;Faces;elderly woman;%Human+;%Woman=;;;;;;;;;;;;;;;;;;
Faces_312_h;Faces;man;%Man=;%WaterVehicle=;;;;;;;;;;;;;;;;;;
Faces_313_h;Faces;boys playing;%Man=;%Man+;%Basketball=;;;;;;;;;;;;;;;;;
Faces_314_h;Faces;man skateboarding;%Ramp=;%Clothing+;%Man=;;;;;;;;;;;;;;;;;
Faces_315_h;Faces;elderly couple;%Human+;%GroupOfPeople+;%Day=;;;;;;;;;;;;;;;;;
Faces_316_h;Faces;man jogging;%Man=;%FitnessExercise+;%Glove+;;;;;;;;;;;;;;;;;
Faces_317_v;Faces;woman;%SubjectiveAssessmentAttribute+;%Woman=;%Dress+;;;;;;;;;;;;;;;;;
Faces_318_v;Faces;couple;%Group+;%HumanYouth=;;;;;;;;;;;;;;;;;;
Faces_319_v;Faces;man and woman;%Human+;%Woman=;%Man=;%capability+;;;;;;;;;;;;;;;;
Faces_320_v;Faces;elderly woman;%Human+;%Woman=;%Coat+;;;;;;;;;;;;;;;;;
Faces_321_h;Faces;football players;%Football+;%Organization=;%Human+;;;;;;;;;;;;;;;;;
Faces_322_v;Faces;woman smiling;%Woman=;%Food=;%Smiling=;;;;;;;;;;;;;;;;;
Faces_323_h;Faces;men smiling;%GroupOfPeople=;%GroupOfPeople+;%Smiling+;;;;;;;;;;;;;;;;;
Faces_324_h;Faces;woman smiling;%GroupOfPeople+;%Smiling+;%WaterVehicle=;%Ocean=;%WaterArea=;;;;;;;;;;;;;;;
Faces_325_v;Faces;man smiling;%Man=;%Smiling+;%Reptile+;;;;;;;;;;;;;;;;;
Faces_326_h;Faces;man jogging;%Man=;%FitnessExercise+;%BotanicalTree=;%Park+;;;;;;;;;;;;;;;;
Faces_327_v;Faces;couple;%GroupOfPeople+;%Smiling+;%Park+;;;;;;;;;;;;;;;;;
Faces_328_v;Faces;couple;%GroupOfPeople+;%Smiling+;%Roadway=;;;;;;;;;;;;;;;;;
Faces_329_h;Faces;man jogging;%Man=;%FitnessExercise+;;;;;;;;;;;;;;;;;;
Faces_330_v;Faces;people showering;%GroupOfPeople=;%Removing+;;;;;;;;;;;;;;;;;;
Faces_331_h;Faces;men;%Man=;%BodyMotion+;%Fence=;;;;;;;;;;;;;;;;;
Faces_332_v;Faces;man exercising;%Man=;%FitnessExercise=;%Forest=;%CultivatedLandArea+;%Fence=;%Green=;;;;;;;;;;;;;;
Faces_333_h;Faces;woman smiling;%Woman=;%Smiling+;%Plant+;%Green=;;;;;;;;;;;;;;;;
Faces_334_h;Faces;woman smiling;%Woman=;%Smiling+;%GroupOfPeople=;;;;;;;;;;;;;;;;;
Faces_335_h;Faces;couple;%GroupOfPeople+;%Walking=;;;;;;;;;;;;;;;;;;
Faces_336_h;Faces;men;%SocialRole+;%ClothingSuit+;%Day=;;;;;;;;;;;;;;;;;
Faces_337_h;Faces;man smiling;%Camera=;%Man=;%Smiling+;;;;;;;;;;;;;;;;;
Faces_338_h;Faces;men smiling;%Man=;%Smiling+;%Roadway=;;;;;;;;;;;;;;;;;
Faces_339_h;Faces;woman and man;%Woman=;%Smiling+;%Camera=;;;;;;;;;;;;;;;;;
Faces_340_h;Faces;woman showering;%Woman+;%SubjectiveAssessmentAttribute+;%WaterArea=;%Jewelry+;;;;;;;;;;;;;;;;
Faces_341_h;Faces;elderly people;%Human+;%Group+;%GroupOfPeople+;;;;;;;;;;;;;;;;;
Faces_342_h;Faces;woman smiling;%Woman=;%Smiling+;%Man=;%Snowing=;%Device+;%Mountain=;;;;;;;;;;;;;;
Faces_343_h;Faces;man;%Man=;%Clothing+;%BodyMotion+;;;;;;;;;;;;;;;;;
Faces_344_h;Faces;elderly women;%Human+;%Woman=;%Attribute+;;;;;;;;;;;;;;;;;
Faces_345_h;Faces;men smiling;%Man=;%Smiling+;;;;;;;;;;;;;;;;;;
Faces_346_v;Faces;couple smiling;%Group+;%PublicPark=;%Walking=;;;;;;;;;;;;;;;;;
Faces_347_h;Faces;people smiling;%GroupOfPeople=;%Smiling+;%RecreationOrExercise+;;;;;;;;;;;;;;;;;
Faces_348_h;Faces;man swimming;%Man=;%Swimming+;%WaterArea=;;;;;;;;;;;;;;;;;
Faces_349_h;Faces;people smiling;%GroupOfPeople=;%Smiling+;;;;;;;;;;;;;;;;;;
Faces_350_h;Faces;people smiling;%Woman=;%GroupOfPeople=;%Smiling=;%BodyMotion+;;;;;;;;;;;;;;;;
Faces_351_h;Faces;elderly women;%Day+;%Woman=;%Device+;%Candle=;;;;;;;;;;;;;;;;
Faces_352_h;Faces;people in the swimming pool;%SwimmingPool=;%GroupOfPeople=;%RecreationOrExercise+;;;;;;;;;;;;;;;;;
Faces_353_h;Faces;woman singing;%Woman=;%MakingVocalMusic=;%Microphone=;;;;;;;;;;;;;;;;;
Faces_354_v;Faces;woman smiling;%Woman=;%Dress+;%Fence=;;;;;;;;;;;;;;;;;
Faces_355_h;Faces;elderly couple;%Group+;%Human+;%Beer=;;;;;;;;;;;;;;;;;
Faces_356_h;Faces;couple smiling;%Man=;%Woman=;%GroupOfPeople+;%Smiling+;%BodyMotion+;;;;;;;;;;;;;;;
Faces_357_v;Faces;cello player;%Cello=;%MakingMusic=;%Man=;;;;;;;;;;;;;;;;;
Faces_358_h;Faces;man with children smiling;%Man=;%HumanChild=;%Face+;%Smiling+;;;;;;;;;;;;;;;;
Faces_359_h;Faces;people celebrating;%Animal+;%ProtectiveEyewear+;%Smiling+;%Dancing=;;;;;;;;;;;;;;;;
Faces_360_v;Faces;people smiling;%Barefoot=;%Clothing+;;;;;;;;;;;;;;;;;;
Faces_361_v;Faces;people dancing;%Drum=;%GroupOfPeople=;%MakingMusic=;;;;;;;;;;;;;;;;;
Faces_362_v;Faces;mutilated face;%NormativeAttribute+;%Nose+;%Blood=;;;;;;;;;;;;;;;;;
Faces_363_v;Faces;mutilated face;%Face+;%HumanChild=;%Woman+;%NormativeAttribute+;%Doll=;%Earphone=;;;;;;;;;;;;;;
Faces_364_v;Faces;mutilated face;%PathologicProcess+;%BodyPart+;%Blood=;;;;;;;;;;;;;;;;;
Faces_365_v;Faces;mutilated face;%Human+;%PathologicProcess+;;;;;;;;;;;;;;;;;;
Faces_366_h;Faces;mutilated face;%Man=;%Injuring=;%MedicalDoctor+;%Attaching+;;;;;;;;;;;;;;;;
Faces_367_h;Faces;mutilated face;%Dead=;%Blood=;%Man=;%Face+;;;;;;;;;;;;;;;;
Faces_368_h;Faces;mutilated face;%PathologicProcess+;%HumanChild=;%Ingesting+;;;;;;;;;;;;;;;;;
Faces_369_v;Faces;mutilated face;%Man+;%PathologicProcess+;%Injuring+;;;;;;;;;;;;;;;;;
Faces_370_h;Faces;at dentist;%Dentist=;%Glove+;%Device+;;;;;;;;;;;;;;;;;
Faces_371_v;Faces;mutilated face;%OrganismProcess+;%PathologicProcess+;%Woman+;;;;;;;;;;;;;;;;;
Faces_372_h;Faces;mutilated face;%Human+;%NormativeAttribute+;%Man=;%EthnicGroup@;;;;;;;;;;;;;;;;
;;;;;;;;;;;;;;;;;;;;;;
;;;;;;;;;;;;;;;;;;;;;;
;;;;;;;;;;;;;;;;;;;;;;
;;;;;;;;;;;;;;;;;;;;;;
;;;;;;;;;;;;;;;;;;;;;;
;;;;;;;;;;;;;;;;;;;;;;
;;;;;;;;;;;;;;;;;;;;;;
;;;;;;;;;;;;;;;;;;;;;;
;;;;;;;;;;;;;;;;;;;;;;
;;;;;;;;;;;;;;;;;;;;;;
